CountryID,TimeID,lnGDP,D
3,1960,856.63 ,0 
3,1961,860.31 ,0 
3,1962,857.86 ,0 
3,1963,850.84 ,0 
3,1964,858.96 ,0 
3,1965,867.52 ,0 
3,1966,865.40 ,0 
3,1967,867.13 ,0 
3,1968,870.42 ,0 
3,1969,878.19 ,0 
3,1970,879.65 ,0 
3,1971,883.53 ,0 
3,1972,883.46 ,0 
3,1973,884.51 ,1 
3,1974,888.20 ,1 
3,1975,886.53 ,1 
3,1976,882.91 ,0 
3,1977,888.09 ,0 
3,1978,881.99 ,0 
3,1979,890.24 ,0 
3,1980,892.81 ,0 
3,1981,885.43 ,0 
3,1982,878.82 ,0 
3,1983,881.09 ,1 
3,1984,881.76 ,1 
3,1985,872.36 ,1 
3,1986,878.45 ,1 
3,1987,879.84 ,1 
3,1988,875.79 ,1 
3,1989,866.56 ,1 
3,1990,862.73 ,1 
3,1991,873.29 ,1 
3,1992,883.23 ,1 
3,1993,887.66 ,1 
3,1994,892.05 ,1 
3,1995,887.90 ,1 
3,1996,892.05 ,1 
3,1997,898.65 ,1 
3,1998,901.26 ,1 
3,1999,896.69 ,1 
3,2000,894.84 ,1 
3,2001,889.33 ,1 
3,2002,876.85 ,1 
3,2003,884.41 ,1 
3,2004,892.16 ,1 
3,2005,900.06 ,1 
3,2006,907.31 ,1 
3,2007,914.73 ,1 
3,2008,920.39 ,1 
3,2009,920.36 ,1 
3,2010,928.26 ,1 
6,1960,914.78 ,1 
6,1961,915.26 ,1 
6,1962,914.18 ,1 
6,1963,918.33 ,1 
6,1964,923.12 ,1 
6,1965,926.98 ,1 
6,1966,927.04 ,1 
6,1967,931.86 ,1 
6,1968,935.11 ,1 
6,1969,939.83 ,1 
6,1970,944.77 ,1 
6,1971,945.33 ,1 
6,1972,947.35 ,1 
6,1973,948.41 ,1 
6,1974,949.87 ,1 
6,1975,949.87 ,1 
6,1976,951.47 ,1 
6,1977,953.77 ,1 
6,1978,953.51 ,1 
6,1979,956.46 ,1 
6,1980,958.24 ,1 
6,1981,960.00 ,1 
6,1982,961.51 ,1 
6,1983,957.91 ,1 
6,1984,961.28 ,1 
6,1985,964.91 ,1 
6,1986,967.73 ,1 
6,1987,968.73 ,1 
6,1988,972.80 ,1 
6,1989,974.97 ,1 
6,1990,977.00 ,1 
6,1991,975.49 ,1 
6,1992,974.73 ,1 
6,1993,977.75 ,1 
6,1994,980.58 ,1 
6,1995,983.24 ,1 
6,1996,986.02 ,1 
6,1997,988.80 ,1 
6,1998,992.24 ,1 
6,1999,996.13 ,1 
6,2000,998.81 ,1 
6,2001,999.51 ,1 
6,2002,1002.10 ,1 
6,2003,1004.10 ,1 
6,2004,1007.00 ,1 
6,2005,1008.60 ,1 
6,2006,1010.20 ,1 
6,2007,1011.90 ,1 
6,2008,1013.60 ,1 
6,2009,1013.00 ,1 
6,2010,1013.70 ,1 
7,1960,891.38 ,1 
7,1961,896.23 ,1 
7,1962,898.23 ,1 
7,1963,901.64 ,1 
7,1964,906.92 ,1 
7,1965,909.69 ,1 
7,1966,914.48 ,1 
7,1967,916.69 ,1 
7,1968,920.55 ,1 
7,1969,926.29 ,1 
7,1970,932.54 ,1 
7,1971,937.08 ,1 
7,1972,942.52 ,1 
7,1973,946.74 ,1 
7,1974,950.44 ,1 
7,1975,950.34 ,1 
7,1976,954.99 ,1 
7,1977,959.84 ,1 
7,1978,959.78 ,1 
7,1979,965.26 ,1 
7,1980,967.03 ,1 
7,1981,966.63 ,1 
7,1982,968.49 ,1 
7,1983,971.56 ,1 
7,1984,971.62 ,1 
7,1985,974.00 ,1 
7,1986,976.23 ,1 
7,1987,977.50 ,1 
7,1988,980.19 ,1 
7,1989,983.41 ,1 
7,1990,986.74 ,1 
7,1991,989.02 ,1 
7,1992,989.79 ,1 
7,1993,989.34 ,1 
7,1994,991.15 ,1 
7,1995,993.75 ,1 
7,1996,996.05 ,1 
7,1997,998.22 ,1 
7,1998,1001.80 ,1 
7,1999,1005.10 ,1 
7,2000,1008.50 ,1 
7,2001,1008.90 ,1 
7,2002,1010.10 ,1 
7,2003,1010.50 ,1 
7,2004,1012.40 ,1 
7,2005,1014.10 ,1 
7,2006,1017.20 ,1 
7,2007,1020.50 ,1 
7,2008,1021.40 ,1 
7,2009,1017.20 ,1 
7,2010,1019.20 ,1 
9,1960,458.98 ,0 
9,1961,442.42 ,0 
9,1962,449.36 ,0 
9,1963,451.67 ,0 
9,1964,455.98 ,0 
9,1965,458.04 ,0 
9,1966,460.62 ,0 
9,1967,471.57 ,0 
9,1968,469.34 ,0 
9,1969,466.16 ,0 
9,1970,484.11 ,0 
9,1971,485.79 ,0 
9,1972,478.40 ,0 
9,1973,484.37 ,0 
9,1974,482.75 ,0 
9,1975,482.19 ,0 
9,1976,488.16 ,0 
9,1977,496.99 ,0 
9,1978,493.69 ,0 
9,1979,492.71 ,0 
9,1980,490.86 ,0 
9,1981,499.30 ,0 
9,1982,495.04 ,0 
9,1983,495.40 ,0 
9,1984,492.25 ,0 
9,1985,500.13 ,0 
9,1986,500.14 ,0 
9,1987,502.38 ,0 
9,1988,504.34 ,0 
9,1989,502.97 ,0 
9,1990,503.98 ,0 
9,1991,506.70 ,0 
9,1992,505.78 ,0 
9,1993,497.67 ,0 
9,1994,492.36 ,0 
9,1995,482.96 ,0 
9,1996,473.75 ,0 
9,1997,471.47 ,0 
9,1998,475.44 ,0 
9,1999,473.46 ,0 
9,2000,471.17 ,0 
9,2001,471.25 ,0 
9,2002,473.23 ,0 
9,2003,469.29 ,1 
9,2004,471.11 ,1 
9,2005,469.05 ,1 
9,2006,471.02 ,1 
9,2007,471.48 ,1 
9,2008,472.87 ,1 
9,2009,473.48 ,1 
9,2010,474.76 ,1 
10,1960,891.66 ,1 
10,1961,896.19 ,1 
10,1962,900.87 ,1 
10,1963,904.38 ,1 
10,1964,910.16 ,1 
10,1965,912.75 ,1 
10,1966,915.18 ,1 
10,1967,918.42 ,1 
10,1968,922.14 ,1 
10,1969,928.27 ,1 
10,1970,933.79 ,1 
10,1971,937.51 ,1 
10,1972,942.28 ,1 
10,1973,948.15 ,1 
10,1974,952.30 ,1 
10,1975,950.03 ,1 
10,1976,955.35 ,1 
10,1977,955.85 ,1 
10,1978,958.56 ,1 
10,1979,960.78 ,1 
10,1980,965.02 ,1 
10,1981,964.74 ,1 
10,1982,965.36 ,1 
10,1983,965.68 ,1 
10,1984,968.12 ,1 
10,1985,969.73 ,1 
10,1986,971.50 ,1 
10,1987,973.70 ,1 
10,1988,977.99 ,1 
10,1989,981.04 ,1 
10,1990,983.83 ,1 
10,1991,985.28 ,1 
10,1992,986.39 ,1 
10,1993,985.03 ,1 
10,1994,987.90 ,1 
10,1995,990.05 ,1 
10,1996,991.27 ,1 
10,1997,994.69 ,1 
10,1998,996.39 ,1 
10,1999,999.64 ,1 
10,2000,1003.00 ,1 
10,2001,1003.50 ,1 
10,2002,1004.40 ,1 
10,2003,1004.70 ,1 
10,2004,1007.50 ,1 
10,2005,1008.70 ,1 
10,2006,1010.70 ,1 
10,2007,1012.80 ,1 
10,2008,1013.00 ,1 
10,2009,1009.30 ,1 
10,2010,1010.60 ,1 
11,1960,554.90 ,0 
11,1961,556.70 ,0 
11,1962,551.83 ,0 
11,1963,554.99 ,0 
11,1964,559.89 ,0 
11,1965,563.44 ,0 
11,1966,565.28 ,0 
11,1967,564.62 ,0 
11,1968,566.59 ,0 
11,1969,567.54 ,0 
11,1970,567.64 ,0 
11,1971,564.08 ,0 
11,1972,568.17 ,0 
11,1973,569.60 ,0 
11,1974,570.60 ,0 
11,1975,563.23 ,0 
11,1976,561.69 ,0 
11,1977,564.08 ,0 
11,1978,562.80 ,0 
11,1979,566.54 ,0 
11,1980,570.48 ,0 
11,1981,577.29 ,0 
11,1982,576.77 ,0 
11,1983,569.56 ,0 
11,1984,574.43 ,0 
11,1985,578.94 ,0 
11,1986,578.36 ,0 
11,1987,574.14 ,0 
11,1988,574.72 ,0 
11,1989,568.91 ,0 
11,1990,568.96 ,0 
11,1991,570.26 ,1 
11,1992,570.72 ,1 
11,1993,570.68 ,1 
11,1994,571.56 ,1 
11,1995,572.86 ,1 
11,1996,575.28 ,1 
11,1997,578.44 ,1 
11,1998,580.13 ,1 
11,1999,581.92 ,1 
11,2000,584.63 ,1 
11,2001,586.43 ,1 
11,2002,587.66 ,1 
11,2003,588.27 ,1 
11,2004,588.12 ,1 
11,2005,587.84 ,1 
11,2006,588.79 ,1 
11,2007,590.28 ,1 
11,2008,592.29 ,1 
11,2009,593.12 ,1 
11,2010,593.24 ,1 
12,1960,480.57 ,0 
12,1961,483.01 ,0 
12,1962,487.43 ,0 
12,1963,484.60 ,0 
12,1964,485.24 ,0 
12,1965,487.24 ,0 
12,1966,486.00 ,0 
12,1967,492.61 ,0 
12,1968,493.73 ,0 
12,1969,493.79 ,0 
12,1970,491.94 ,0 
12,1971,491.36 ,0 
12,1972,491.63 ,0 
12,1973,490.04 ,0 
12,1974,495.91 ,0 
12,1975,496.73 ,0 
12,1976,502.73 ,0 
12,1977,500.87 ,1 
12,1978,503.09 ,1 
12,1979,504.37 ,1 
12,1980,502.79 ,0 
12,1981,504.54 ,0 
12,1982,511.21 ,0 
12,1983,509.06 ,0 
12,1984,504.73 ,0 
12,1985,510.34 ,0 
12,1986,515.41 ,0 
12,1987,512.55 ,0 
12,1988,515.54 ,0 
12,1989,515.00 ,0 
12,1990,511.70 ,0 
12,1991,517.68 ,0 
12,1992,515.18 ,0 
12,1993,515.84 ,0 
12,1994,514.40 ,0 
12,1995,517.20 ,0 
12,1996,524.88 ,0 
12,1997,528.23 ,0 
12,1998,532.49 ,0 
12,1999,536.83 ,0 
12,2000,535.84 ,0 
12,2001,539.43 ,0 
12,2002,541.16 ,0 
12,2003,546.02 ,0 
12,2004,547.65 ,0 
12,2005,550.89 ,0 
12,2006,553.31 ,0 
12,2007,553.88 ,0 
12,2008,555.79 ,0 
12,2009,556.25 ,0 
12,2010,562.11 ,0 
20,1960,679.66 ,0 
20,1961,679.50 ,0 
20,1962,682.69 ,0 
20,1963,686.67 ,0 
20,1964,689.10 ,0 
20,1965,692.30 ,0 
20,1966,696.31 ,0 
20,1967,700.69 ,0 
20,1968,685.39 ,0 
20,1969,686.09 ,0 
20,1970,683.21 ,0 
20,1971,685.73 ,0 
20,1972,690.96 ,0 
20,1973,694.10 ,0 
20,1974,694.56 ,0 
20,1975,699.19 ,0 
20,1976,701.30 ,0 
20,1977,703.76 ,0 
20,1978,703.44 ,0 
20,1979,701.26 ,0 
20,1980,697.63 ,0 
20,1981,695.72 ,0 
20,1982,689.57 ,1 
20,1983,683.33 ,1 
20,1984,681.01 ,1 
20,1985,677.17 ,1 
20,1986,672.39 ,1 
20,1987,672.63 ,1 
20,1988,673.27 ,1 
20,1989,674.74 ,1 
20,1990,676.99 ,1 
20,1991,679.82 ,1 
20,1992,679.12 ,1 
20,1993,680.98 ,1 
20,1994,683.24 ,1 
20,1995,685.56 ,1 
20,1996,687.62 ,1 
20,1997,690.30 ,1 
20,1998,693.09 ,1 
20,1999,691.43 ,1 
20,2000,691.86 ,1 
20,2001,691.51 ,1 
20,2002,691.98 ,1 
20,2003,692.72 ,1 
20,2004,694.93 ,1 
20,2005,697.45 ,1 
20,2006,700.40 ,1 
20,2007,703.19 ,1 
20,2008,707.54 ,1 
20,2009,709.24 ,1 
20,2010,711.70 ,1 
21,1960,727.78 ,1 
21,1961,734.56 ,1 
21,1962,736.62 ,1 
21,1963,734.48 ,1 
21,1964,734.96 ,0 
21,1965,735.13 ,0 
21,1966,736.45 ,0 
21,1967,738.59 ,0 
21,1968,746.84 ,0 
21,1969,753.60 ,0 
21,1970,759.53 ,0 
21,1971,767.80 ,0 
21,1972,776.79 ,0 
21,1973,787.51 ,0 
21,1974,793.81 ,0 
21,1975,796.53 ,0 
21,1976,803.51 ,0 
21,1977,805.67 ,0 
21,1978,806.50 ,0 
21,1979,810.70 ,0 
21,1980,817.08 ,0 
21,1981,810.25 ,0 
21,1982,808.50 ,0 
21,1983,802.75 ,0 
21,1984,805.67 ,0 
21,1985,811.19 ,1 
21,1986,816.84 ,1 
21,1987,818.43 ,1 
21,1988,816.45 ,1 
21,1989,817.88 ,1 
21,1990,811.76 ,1 
21,1991,811.61 ,1 
21,1992,809.55 ,1 
21,1993,812.57 ,1 
21,1994,816.24 ,1 
21,1995,819.04 ,1 
21,1996,819.63 ,1 
21,1997,821.43 ,1 
21,1998,819.95 ,1 
21,1999,818.72 ,1 
21,2000,821.50 ,1 
21,2001,821.41 ,1 
21,2002,822.68 ,1 
21,2003,822.52 ,1 
21,2004,826.85 ,1 
21,2005,828.82 ,1 
21,2006,831.65 ,1 
21,2007,836.58 ,1 
21,2008,840.70 ,1 
21,2009,839.17 ,1 
21,2010,845.52 ,1 
22,1960,813.06 ,1 
22,1961,820.16 ,1 
22,1962,828.44 ,1 
22,1963,822.79 ,1 
22,1964,827.27 ,1 
22,1965,837.74 ,1 
22,1966,841.40 ,1 
22,1967,851.28 ,1 
22,1968,857.75 ,1 
22,1969,864.71 ,1 
22,1970,873.40 ,1 
22,1971,876.72 ,1 
22,1972,877.36 ,1 
22,1973,878.03 ,1 
22,1974,872.66 ,1 
22,1975,876.09 ,1 
22,1976,875.65 ,1 
22,1977,879.69 ,1 
22,1978,885.45 ,1 
22,1979,892.63 ,1 
22,1980,896.98 ,1 
22,1981,893.35 ,1 
22,1982,887.77 ,1 
22,1983,887.47 ,1 
22,1984,890.29 ,1 
22,1985,890.34 ,1 
22,1986,898.91 ,1 
22,1987,899.51 ,1 
22,1988,905.18 ,1 
22,1989,909.72 ,1 
22,1990,904.44 ,1 
22,1991,901.16 ,1 
22,1992,895.75 ,1 
22,1993,896.45 ,1 
22,1994,900.06 ,1 
22,1995,901.24 ,1 
22,1996,902.75 ,1 
22,1997,908.63 ,1 
22,1998,912.33 ,1 
22,1999,914.59 ,1 
22,2000,916.59 ,1 
22,2001,911.15 ,1 
22,2002,907.31 ,1 
22,2003,909.08 ,1 
22,2004,912.50 ,1 
22,2005,915.42 ,1 
22,2006,918.58 ,1 
22,2007,918.85 ,1 
22,2008,918.82 ,1 
22,2009,913.17 ,1 
22,2010,914.17 ,1 
26,1960,587.44 ,0 
26,1961,590.58 ,0 
26,1962,585.02 ,0 
26,1963,582.46 ,0 
26,1964,582.59 ,0 
26,1965,581.56 ,0 
26,1966,580.16 ,0 
26,1967,582.63 ,0 
26,1968,581.91 ,0 
26,1969,586.68 ,0 
26,1970,586.97 ,0 
26,1971,586.14 ,0 
26,1972,584.23 ,0 
26,1973,584.19 ,0 
26,1974,588.36 ,0 
26,1975,586.70 ,0 
26,1976,589.82 ,0 
26,1977,591.32 ,0 
26,1978,590.16 ,0 
26,1979,585.15 ,0 
26,1980,577.89 ,0 
26,1981,573.46 ,0 
26,1982,577.89 ,0 
26,1983,566.39 ,0 
26,1984,572.57 ,0 
26,1985,573.77 ,0 
26,1986,574.89 ,0 
26,1987,567.64 ,0 
26,1988,567.24 ,0 
26,1989,567.06 ,0 
26,1990,562.61 ,0 
26,1991,559.61 ,0 
26,1992,550.42 ,0 
26,1993,548.17 ,1 
26,1994,550.41 ,1 
26,1995,554.92 ,1 
26,1996,548.50 ,1 
26,1997,551.41 ,1 
26,1998,553.86 ,1 
26,1999,555.37 ,1 
26,2000,555.76 ,1 
26,2001,554.26 ,1 
26,2002,552.04 ,1 
26,2003,542.56 ,0 
26,2004,541.97 ,0 
26,2005,542.70 ,0 
26,2006,544.71 ,0 
26,2007,546.56 ,0 
26,2008,546.71 ,0 
26,2009,546.52 ,0 
26,2010,547.86 ,0 
27,1960,914.58 ,1 
27,1961,915.69 ,1 
27,1962,920.71 ,1 
27,1963,923.90 ,1 
27,1964,928.50 ,1 
27,1965,933.11 ,1 
27,1966,937.62 ,1 
27,1967,938.70 ,1 
27,1968,942.25 ,1 
27,1969,946.01 ,1 
27,1970,947.17 ,1 
27,1971,949.70 ,1 
27,1972,953.41 ,1 
27,1973,958.45 ,1 
27,1974,960.28 ,1 
27,1975,960.20 ,1 
27,1976,963.94 ,1 
27,1977,966.17 ,1 
27,1978,969.04 ,1 
27,1979,971.78 ,1 
27,1980,972.62 ,1 
27,1981,974.83 ,1 
27,1982,970.72 ,1 
27,1983,972.40 ,1 
27,1984,977.09 ,1 
27,1985,980.83 ,1 
27,1986,982.22 ,1 
27,1987,985.07 ,1 
27,1988,988.63 ,1 
27,1989,989.43 ,1 
27,1990,988.13 ,1 
27,1991,984.66 ,1 
27,1992,984.30 ,1 
27,1993,985.52 ,1 
27,1994,989.25 ,1 
27,1995,991.19 ,1 
27,1996,991.72 ,1 
27,1997,994.80 ,1 
27,1998,997.95 ,1 
27,1999,1002.50 ,1 
27,2000,1006.70 ,1 
27,2001,1007.50 ,1 
27,2002,1009.50 ,1 
27,2003,1010.30 ,1 
27,2004,1012.40 ,1 
27,2005,1014.40 ,1 
27,2006,1016.40 ,1 
27,2007,1017.50 ,1 
27,2008,1017.00 ,1 
27,2009,1012.90 ,1 
27,2010,1014.90 ,1 
29,1960,751.81 ,1 
29,1961,753.24 ,1 
29,1962,755.76 ,1 
29,1963,759.20 ,1 
29,1964,759.40 ,1 
29,1965,757.50 ,1 
29,1966,764.82 ,1 
29,1967,766.30 ,1 
29,1968,767.97 ,1 
29,1969,769.45 ,1 
29,1970,769.68 ,1 
29,1971,776.50 ,1 
29,1972,773.92 ,1 
29,1973,767.16 ,0 
29,1974,768.01 ,0 
29,1975,754.41 ,0 
29,1976,756.30 ,0 
29,1977,763.25 ,0 
29,1978,769.08 ,0 
29,1979,776.02 ,0 
29,1980,782.42 ,0 
29,1981,785.54 ,0 
29,1982,773.08 ,0 
29,1983,767.61 ,0 
29,1984,773.64 ,0 
29,1985,778.86 ,0 
29,1986,782.64 ,0 
29,1987,787.35 ,0 
29,1988,792.70 ,0 
29,1989,801.01 ,0 
29,1990,802.87 ,1 
29,1991,808.72 ,1 
29,1992,818.46 ,1 
29,1993,823.40 ,1 
29,1994,827.20 ,1 
29,1995,835.66 ,1 
29,1996,841.29 ,1 
29,1997,846.26 ,1 
29,1998,848.11 ,1 
29,1999,846.08 ,1 
29,2000,849.24 ,1 
29,2001,851.37 ,1 
29,2002,852.39 ,1 
29,2003,855.12 ,1 
29,2004,859.91 ,1 
29,2005,864.28 ,1 
29,2006,867.75 ,1 
29,2007,871.25 ,1 
29,2008,873.88 ,1 
29,2009,871.23 ,1 
29,2010,875.37 ,1 
30,1960,465.83 ,0 
30,1961,435.24 ,0 
30,1962,428.12 ,0 
30,1963,435.50 ,0 
30,1964,447.88 ,0 
30,1965,460.65 ,0 
30,1966,468.03 ,0 
30,1967,459.59 ,0 
30,1968,452.80 ,0 
30,1969,465.67 ,0 
30,1970,480.64 ,0 
30,1971,484.66 ,0 
30,1972,485.93 ,0 
30,1973,491.25 ,0 
30,1974,491.46 ,0 
30,1975,498.03 ,0 
30,1976,494.87 ,0 
30,1977,500.84 ,0 
30,1978,510.56 ,0 
30,1979,516.55 ,0 
30,1980,522.81 ,0 
30,1981,526.60 ,0 
30,1982,533.84 ,0 
30,1983,542.74 ,0 
30,1984,555.57 ,0 
30,1985,566.88 ,0 
30,1986,573.82 ,0 
30,1987,583.19 ,0 
30,1988,592.29 ,0 
30,1989,594.78 ,0 
30,1990,597.04 ,0 
30,1991,604.47 ,0 
30,1992,616.53 ,0 
30,1993,628.48 ,0 
30,1994,639.66 ,0 
30,1995,648.92 ,0 
30,1996,657.40 ,0 
30,1997,665.27 ,0 
30,1998,671.82 ,0 
30,1999,678.28 ,0 
30,2000,685.56 ,0 
30,2001,692.81 ,0 
30,2002,700.85 ,0 
30,2003,709.75 ,0 
30,2004,718.78 ,0 
30,2005,728.90 ,0 
30,2006,740.30 ,0 
30,2007,753.05 ,0 
30,2008,761.71 ,0 
30,2009,770.00 ,0 
30,2010,779.38 ,0 
31,1960,631.12 ,0 
31,1961,636.83 ,0 
31,1962,634.17 ,0 
31,1963,643.75 ,0 
31,1964,655.99 ,0 
31,1965,648.86 ,0 
31,1966,655.85 ,0 
31,1967,656.38 ,0 
31,1968,664.20 ,0 
31,1969,669.21 ,0 
31,1970,674.87 ,0 
31,1971,679.58 ,0 
31,1972,679.33 ,0 
31,1973,680.63 ,0 
31,1974,680.34 ,0 
31,1975,683.71 ,0 
31,1976,691.26 ,0 
31,1977,693.73 ,0 
31,1978,699.50 ,0 
31,1979,697.33 ,0 
31,1980,681.23 ,0 
31,1981,680.25 ,0 
31,1982,676.09 ,0 
31,1983,667.86 ,0 
31,1984,661.02 ,0 
31,1985,661.49 ,0 
31,1986,660.95 ,0 
31,1987,657.00 ,0 
31,1988,654.66 ,0 
31,1989,654.15 ,0 
31,1990,649.66 ,0 
31,1991,646.33 ,0 
31,1992,642.78 ,0 
31,1993,639.36 ,0 
31,1994,637.08 ,0 
31,1995,641.04 ,0 
31,1996,645.71 ,0 
31,1997,648.64 ,0 
31,1998,650.82 ,0 
31,1999,650.12 ,0 
31,2000,644.29 ,1 
31,2001,642.41 ,1 
31,2002,639.28 ,0 
31,2003,636.12 ,0 
31,2004,636.33 ,0 
31,2005,635.96 ,0 
31,2006,634.97 ,0 
31,2007,634.93 ,0 
31,2008,635.43 ,0 
31,2009,637.21 ,0 
31,2010,638.19 ,0 
32,1960,623.24 ,0 
32,1961,622.29 ,0 
32,1962,623.10 ,0 
32,1963,624.53 ,0 
32,1964,625.73 ,0 
32,1965,625.41 ,0 
32,1966,627.55 ,0 
32,1967,613.58 ,0 
32,1968,617.27 ,0 
32,1969,619.54 ,0 
32,1970,620.03 ,0 
32,1971,620.84 ,0 
32,1972,620.84 ,0 
32,1973,623.35 ,0 
32,1974,630.77 ,0 
32,1975,638.56 ,0 
32,1976,629.96 ,0 
32,1977,639.81 ,0 
32,1978,656.64 ,0 
32,1979,659.47 ,0 
32,1980,654.51 ,0 
32,1981,667.37 ,0 
32,1982,671.75 ,0 
32,1983,675.55 ,0 
32,1984,679.90 ,0 
32,1985,684.75 ,0 
32,1986,688.36 ,0 
32,1987,683.23 ,0 
32,1988,672.12 ,0 
32,1989,667.36 ,0 
32,1990,658.18 ,0 
32,1991,651.47 ,0 
32,1992,645.55 ,0 
32,1993,639.58 ,0 
32,1994,634.42 ,0 
32,1995,635.12 ,0 
32,1996,637.54 ,0 
32,1997,640.13 ,0 
32,1998,642.72 ,0 
32,1999,644.73 ,0 
32,2000,646.55 ,0 
32,2001,648.69 ,0 
32,2002,650.35 ,0 
32,2003,652.04 ,0 
32,2004,653.43 ,0 
32,2005,653.46 ,0 
32,2006,654.41 ,0 
32,2007,655.63 ,0 
32,2008,656.29 ,0 
32,2009,656.07 ,0 
32,2010,657.04 ,0 
33,1960,642.62 ,1 
33,1961,648.08 ,1 
33,1962,650.52 ,1 
33,1963,643.74 ,0 
33,1964,644.78 ,0 
33,1965,645.65 ,0 
33,1966,644.23 ,0 
33,1967,643.53 ,0 
33,1968,648.05 ,0 
33,1969,652.44 ,0 
33,1970,655.65 ,0 
33,1971,660.10 ,0 
33,1972,665.30 ,0 
33,1973,670.13 ,0 
33,1974,674.66 ,0 
33,1975,679.10 ,0 
33,1976,677.05 ,0 
33,1977,664.76 ,0 
33,1978,668.05 ,0 
33,1979,674.52 ,0 
33,1980,687.85 ,0 
33,1981,701.14 ,0 
33,1982,719.38 ,0 
33,1983,722.12 ,0 
33,1984,725.95 ,0 
33,1985,721.89 ,0 
33,1986,711.97 ,0 
33,1987,709.37 ,0 
33,1988,708.37 ,0 
33,1989,708.21 ,0 
33,1990,706.50 ,0 
33,1991,706.18 ,0 
33,1992,706.08 ,1 
33,1993,702.41 ,1 
33,1994,694.06 ,1 
33,1995,695.25 ,1 
33,1996,696.67 ,1 
33,1997,693.23 ,0 
33,1998,694.05 ,0 
33,1999,688.69 ,0 
33,2000,693.42 ,0 
33,2001,694.71 ,0 
33,2002,696.88 ,0 
33,2003,695.39 ,0 
33,2004,696.46 ,0 
33,2005,701.47 ,0 
33,2006,704.76 ,0 
33,2007,700.38 ,0 
33,2008,703.01 ,0 
33,2009,707.51 ,0 
33,2010,713.35 ,0 
34,1960,708.02 ,1 
34,1961,710.18 ,1 
34,1962,712.54 ,1 
34,1963,712.43 ,1 
34,1964,715.87 ,1 
34,1965,715.91 ,1 
34,1966,718.19 ,1 
34,1967,719.41 ,1 
34,1968,722.81 ,1 
34,1969,726.41 ,1 
34,1970,730.54 ,1 
34,1971,733.86 ,1 
34,1972,738.90 ,1 
34,1973,743.13 ,1 
34,1974,746.46 ,1 
34,1975,746.40 ,1 
34,1976,748.81 ,1 
34,1977,750.57 ,1 
34,1978,756.38 ,1 
34,1979,759.33 ,1 
34,1980,761.08 ,1 
34,1981,761.07 ,1 
34,1982,759.79 ,1 
34,1983,759.16 ,1 
34,1984,760.29 ,1 
34,1985,761.19 ,1 
34,1986,764.77 ,1 
34,1987,767.93 ,1 
34,1988,769.88 ,1 
34,1989,771.24 ,1 
34,1990,775.14 ,1 
34,1991,775.46 ,1 
34,1992,778.48 ,1 
34,1993,778.95 ,1 
34,1994,782.79 ,1 
34,1995,786.05 ,1 
34,1996,786.29 ,1 
34,1997,787.89 ,1 
34,1998,786.72 ,1 
34,1999,780.71 ,1 
34,2000,783.36 ,1 
34,2001,783.38 ,1 
34,2002,784.25 ,1 
34,2003,786.51 ,1 
34,2004,790.15 ,1 
34,2005,793.22 ,1 
34,2006,798.19 ,1 
34,2007,803.37 ,1 
34,2008,805.39 ,1 
34,2009,805.60 ,1 
34,2010,808.13 ,1 
37,1960,749.44 ,1 
37,1961,744.99 ,1 
37,1962,749.30 ,1 
37,1963,750.50 ,1 
37,1964,751.19 ,1 
37,1965,757.35 ,1 
37,1966,761.86 ,1 
37,1967,764.43 ,1 
37,1968,769.68 ,1 
37,1969,772.44 ,1 
37,1970,777.13 ,1 
37,1971,781.27 ,1 
37,1972,786.80 ,1 
37,1973,791.93 ,1 
37,1974,794.99 ,1 
37,1975,794.63 ,1 
37,1976,797.45 ,1 
37,1977,803.33 ,1 
37,1978,806.70 ,1 
37,1979,808.77 ,1 
37,1980,806.75 ,1 
37,1981,801.68 ,1 
37,1982,791.33 ,1 
37,1983,791.36 ,1 
37,1984,794.61 ,1 
37,1985,792.91 ,1 
37,1986,795.83 ,1 
37,1987,799.80 ,1 
37,1988,800.91 ,1 
37,1989,803.26 ,1 
37,1990,804.55 ,1 
37,1991,804.60 ,1 
37,1992,810.93 ,1 
37,1993,815.68 ,1 
37,1994,817.87 ,1 
37,1995,819.25 ,1 
37,1996,817.63 ,1 
37,1997,820.52 ,1 
37,1998,826.09 ,1 
37,1999,831.59 ,1 
37,2000,831.11 ,1 
37,2001,830.07 ,1 
37,2002,830.94 ,1 
37,2003,835.28 ,1 
37,2004,837.66 ,1 
37,2005,841.65 ,1 
37,2006,848.40 ,1 
37,2007,854.43 ,1 
37,2008,855.57 ,1 
37,2009,852.76 ,1 
37,2010,855.43 ,1 
44,1960,934.05 ,1 
44,1961,939.54 ,1 
44,1962,944.27 ,1 
44,1963,944.12 ,1 
44,1964,952.19 ,1 
44,1965,955.86 ,1 
44,1966,957.76 ,1 
44,1967,960.34 ,1 
44,1968,963.63 ,1 
44,1969,969.21 ,1 
44,1970,970.46 ,1 
44,1971,972.72 ,1 
44,1972,976.24 ,1 
44,1973,979.33 ,1 
44,1974,978.04 ,1 
44,1975,976.53 ,1 
44,1976,982.19 ,1 
44,1977,983.84 ,1 
44,1978,985.78 ,1 
44,1979,989.40 ,1 
44,1980,988.79 ,1 
44,1981,987.93 ,1 
44,1982,991.65 ,1 
44,1983,994.34 ,1 
44,1984,998.47 ,1 
44,1985,1002.40 ,1 
44,1986,1007.10 ,1 
44,1987,1007.20 ,1 
44,1988,1007.00 ,1 
44,1989,1007.60 ,1 
44,1990,1009.00 ,1 
44,1991,1010.00 ,1 
44,1992,1011.60 ,1 
44,1993,1011.20 ,1 
44,1994,1016.30 ,1 
44,1995,1018.80 ,1 
44,1996,1021.00 ,1 
44,1997,1023.70 ,1 
44,1998,1025.50 ,1 
44,1999,1027.70 ,1 
44,2000,1030.80 ,1 
44,2001,1031.20 ,1 
44,2002,1031.30 ,1 
44,2003,1031.40 ,1 
44,2004,1033.40 ,1 
44,2005,1035.60 ,1 
44,2006,1038.60 ,1 
44,2007,1039.70 ,1 
44,2008,1038.30 ,1 
44,2009,1031.80 ,1 
44,2010,1032.70 ,1 
45,1960,681.62 ,0 
45,1961,675.93 ,0 
45,1962,688.37 ,0 
45,1963,691.40 ,0 
45,1964,694.74 ,0 
45,1965,678.26 ,0 
45,1966,687.81 ,0 
45,1967,688.08 ,0 
45,1968,685.37 ,0 
45,1969,692.83 ,0 
45,1970,706.75 ,0 
45,1971,714.32 ,0 
45,1972,721.51 ,0 
45,1973,731.01 ,0 
45,1974,734.26 ,0 
45,1975,736.81 ,0 
45,1976,740.87 ,0 
45,1977,743.33 ,0 
45,1978,743.09 ,1 
45,1979,745.19 ,1 
45,1980,750.55 ,1 
45,1981,752.45 ,1 
45,1982,751.86 ,1 
45,1983,754.14 ,1 
45,1984,753.16 ,1 
45,1985,748.83 ,1 
45,1986,750.14 ,1 
45,1987,757.66 ,1 
45,1988,757.71 ,1 
45,1989,759.96 ,1 
45,1990,752.33 ,1 
45,1991,751.27 ,1 
45,1992,759.30 ,1 
45,1993,764.35 ,1 
45,1994,764.76 ,1 
45,1995,768.31 ,1 
45,1996,773.46 ,1 
45,1997,779.49 ,1 
45,1998,784.64 ,1 
45,1999,789.55 ,1 
45,2000,793.48 ,1 
45,2001,793.73 ,1 
45,2002,797.82 ,1 
45,2003,796.06 ,1 
45,2004,795.88 ,1 
45,2005,803.28 ,1 
45,2006,811.98 ,1 
45,2007,818.70 ,1 
45,2008,822.44 ,1 
45,2009,824.48 ,1 
45,2010,830.63 ,1 
46,1960,715.49 ,0 
46,1961,698.97 ,0 
46,1962,675.22 ,0 
46,1963,702.86 ,0 
46,1964,706.50 ,0 
46,1965,710.25 ,0 
46,1966,702.79 ,0 
46,1967,709.05 ,0 
46,1968,716.38 ,0 
46,1969,721.49 ,0 
46,1970,726.97 ,0 
46,1971,711.94 ,0 
46,1972,733.15 ,0 
46,1973,733.84 ,0 
46,1974,737.99 ,0 
46,1975,739.77 ,0 
46,1976,744.66 ,0 
46,1977,746.60 ,0 
46,1978,752.21 ,0 
46,1979,756.18 ,0 
46,1980,753.69 ,0 
46,1981,753.35 ,0 
46,1982,756.25 ,0 
46,1983,758.24 ,0 
46,1984,760.51 ,0 
46,1985,761.09 ,0 
46,1986,758.57 ,0 
46,1987,755.07 ,0 
46,1988,751.38 ,0 
46,1989,753.09 ,0 
46,1990,751.36 ,0 
46,1991,747.68 ,0 
46,1992,747.08 ,0 
46,1993,742.68 ,0 
46,1994,739.66 ,0 
46,1995,741.46 ,0 
46,1996,743.74 ,0 
46,1997,743.26 ,0 
46,1998,746.77 ,0 
46,1999,748.50 ,0 
46,2000,749.24 ,0 
46,2001,750.35 ,0 
46,2002,753.47 ,0 
46,2003,758.66 ,0 
46,2004,762.22 ,0 
46,2005,765.69 ,0 
46,2006,766.15 ,0 
46,2007,767.58 ,0 
46,2008,768.42 ,0 
46,2009,769.29 ,0 
46,2010,771.07 ,0 
47,1960,670.97 ,1 
47,1961,669.59 ,0 
47,1962,671.11 ,0 
47,1963,671.95 ,0 
47,1964,676.49 ,0 
47,1965,676.62 ,0 
47,1966,673.55 ,0 
47,1967,677.32 ,0 
47,1968,676.64 ,0 
47,1969,678.97 ,0 
47,1970,683.35 ,0 
47,1971,686.66 ,0 
47,1972,688.23 ,0 
47,1973,700.30 ,0 
47,1974,705.43 ,0 
47,1975,710.55 ,0 
47,1976,715.04 ,0 
47,1977,714.48 ,0 
47,1978,718.23 ,0 
47,1979,720.50 ,1 
47,1980,722.08 ,1 
47,1981,722.64 ,1 
47,1982,719.37 ,1 
47,1983,714.14 ,1 
47,1984,715.28 ,1 
47,1985,715.58 ,1 
47,1986,717.04 ,1 
47,1987,712.39 ,1 
47,1988,718.00 ,1 
47,1989,716.61 ,1 
47,1990,716.95 ,1 
47,1991,719.77 ,1 
47,1992,719.09 ,1 
47,1993,717.28 ,1 
47,1994,719.88 ,1 
47,1995,719.75 ,1 
47,1996,720.38 ,1 
47,1997,722.73 ,1 
47,1998,723.26 ,1 
47,1999,715.19 ,1 
47,2000,716.34 ,1 
47,2001,719.88 ,1 
47,2002,723.16 ,1 
47,2003,724.67 ,1 
47,2004,731.44 ,1 
47,2005,735.39 ,1 
47,2006,738.46 ,1 
47,2007,738.95 ,1 
47,2008,744.46 ,1 
47,2009,743.37 ,1 
47,2010,745.47 ,1 
48,1960,606.46 ,0 
48,1961,608.13 ,0 
48,1962,612.15 ,0 
48,1963,618.22 ,0 
48,1964,623.47 ,0 
48,1965,629.74 ,0 
48,1966,628.26 ,0 
48,1967,626.37 ,0 
48,1968,626.58 ,0 
48,1969,630.76 ,0 
48,1970,633.86 ,0 
48,1971,634.96 ,0 
48,1972,634.75 ,0 
48,1973,633.26 ,0 
48,1974,633.53 ,0 
48,1975,639.89 ,0 
48,1976,651.32 ,0 
48,1977,661.16 ,0 
48,1978,664.52 ,0 
48,1979,668.09 ,0 
48,1980,675.30 ,0 
48,1981,676.63 ,0 
48,1982,683.69 ,0 
48,1983,688.44 ,0 
48,1984,691.94 ,0 
48,1985,695.93 ,0 
48,1986,696.12 ,0 
48,1987,696.20 ,0 
48,1988,699.01 ,0 
48,1989,701.62 ,0 
48,1990,705.07 ,0 
48,1991,704.21 ,0 
48,1992,706.75 ,0 
48,1993,707.90 ,0 
48,1994,710.13 ,0 
48,1995,712.99 ,0 
48,1996,716.17 ,0 
48,1997,719.82 ,0 
48,1998,722.06 ,0 
48,1999,726.25 ,0 
48,2000,729.70 ,0 
48,2001,731.36 ,0 
48,2002,731.85 ,0 
48,2003,733.12 ,0 
48,2004,735.27 ,0 
48,2005,737.80 ,0 
48,2006,742.59 ,0 
48,2007,747.64 ,0 
48,2008,752.77 ,0 
48,2009,755.59 ,0 
48,2010,758.86 ,0 
50,1960,822.04 ,0 
50,1961,832.30 ,0 
50,1962,840.87 ,0 
50,1963,849.15 ,0 
50,1964,853.33 ,0 
50,1965,858.31 ,0 
50,1966,864.28 ,0 
50,1967,867.30 ,0 
50,1968,872.38 ,0 
50,1969,879.93 ,0 
50,1970,882.97 ,0 
50,1971,886.41 ,0 
50,1972,893.34 ,0 
50,1973,899.93 ,0 
50,1974,904.44 ,0 
50,1975,903.91 ,0 
50,1976,906.02 ,0 
50,1977,907.63 ,0 
50,1978,907.71 ,1 
50,1979,906.86 ,1 
50,1980,908.41 ,1 
50,1981,907.47 ,1 
50,1982,908.18 ,1 
50,1983,909.46 ,1 
50,1984,910.82 ,1 
50,1985,912.75 ,1 
50,1986,915.65 ,1 
50,1987,920.80 ,1 
50,1988,925.55 ,1 
50,1989,930.07 ,1 
50,1990,933.63 ,1 
50,1991,935.91 ,1 
50,1992,936.51 ,1 
50,1993,935.16 ,1 
50,1994,937.25 ,1 
50,1995,939.73 ,1 
50,1996,941.89 ,1 
50,1997,945.42 ,1 
50,1998,949.44 ,1 
50,1999,953.56 ,1 
50,2000,957.65 ,1 
50,2001,960.10 ,1 
50,2002,961.33 ,1 
50,2003,962.72 ,1 
50,2004,964.31 ,1 
50,2005,966.22 ,1 
50,2006,968.52 ,1 
50,2007,970.32 ,1 
50,2008,969.67 ,1 
50,2009,965.11 ,1 
50,2010,964.61 ,1 
53,1960,889.65 ,1 
53,1961,896.27 ,1 
53,1962,898.53 ,1 
53,1963,901.05 ,1 
53,1964,905.60 ,1 
53,1965,910.44 ,1 
53,1966,912.41 ,1 
53,1967,914.01 ,1 
53,1968,915.84 ,1 
53,1969,925.06 ,1 
53,1970,930.63 ,1 
53,1971,932.84 ,1 
53,1972,939.69 ,1 
53,1973,945.87 ,1 
53,1974,948.54 ,1 
53,1975,949.88 ,1 
53,1976,949.92 ,1 
53,1977,949.88 ,1 
53,1978,952.47 ,1 
53,1979,959.10 ,1 
53,1980,964.04 ,1 
53,1981,964.89 ,1 
53,1982,967.33 ,1 
53,1983,969.71 ,1 
53,1984,972.24 ,1 
53,1985,975.07 ,1 
53,1986,977.35 ,1 
53,1987,980.50 ,1 
53,1988,985.30 ,1 
53,1989,989.89 ,1 
53,1990,989.95 ,1 
53,1991,983.22 ,1 
53,1992,979.11 ,1 
53,1993,977.81 ,1 
53,1994,980.97 ,1 
53,1995,984.47 ,1 
53,1996,987.65 ,1 
53,1997,993.38 ,1 
53,1998,998.02 ,1 
53,1999,1001.60 ,1 
53,2000,1006.60 ,1 
53,2001,1008.60 ,1 
53,2002,1010.20 ,1 
53,2003,1012.00 ,1 
53,2004,1015.70 ,1 
53,2005,1018.20 ,1 
53,2006,1022.20 ,1 
53,2007,1026.90 ,1 
53,2008,1026.80 ,1 
53,2009,1017.60 ,1 
53,2010,1020.80 ,1 
54,1960,701.31 ,1 
54,1961,701.33 ,1 
54,1962,701.39 ,1 
54,1963,704.14 ,1 
54,1964,705.69 ,1 
54,1965,700.01 ,1 
54,1966,697.36 ,1 
54,1967,707.49 ,1 
54,1968,712.89 ,1 
54,1969,713.31 ,1 
54,1970,723.16 ,1 
54,1971,727.72 ,1 
54,1972,732.85 ,1 
54,1973,741.77 ,1 
54,1974,742.33 ,1 
54,1975,740.89 ,1 
54,1976,741.71 ,1 
54,1977,745.64 ,1 
54,1978,745.65 ,1 
54,1979,755.20 ,1 
54,1980,751.40 ,1 
54,1981,755.10 ,1 
54,1982,746.32 ,1 
54,1983,739.73 ,1 
54,1984,745.63 ,1 
54,1985,739.31 ,1 
54,1986,745.82 ,1 
54,1987,738.55 ,0 
54,1988,739.34 ,0 
54,1989,746.29 ,0 
54,1990,751.38 ,1 
54,1991,747.70 ,1 
54,1992,752.39 ,1 
54,1993,753.09 ,1 
54,1994,756.65 ,1 
54,1995,757.83 ,1 
54,1996,761.36 ,1 
54,1997,758.06 ,1 
54,1998,758.41 ,1 
54,1999,766.07 ,1 
54,2000,763.76 ,1 
54,2001,765.36 ,1 
54,2002,768.32 ,1 
54,2003,769.19 ,1 
54,2004,774.14 ,1 
54,2005,774.42 ,1 
54,2006,775.58 ,0 
54,2007,773.86 ,0 
54,2008,773.89 ,0 
54,2009,771.58 ,0 
54,2010,771.01 ,0 
55,1960,892.32 ,1 
55,1961,896.36 ,1 
55,1962,901.43 ,1 
55,1963,905.24 ,1 
55,1964,910.23 ,1 
55,1965,913.72 ,1 
55,1966,917.79 ,1 
55,1967,921.49 ,1 
55,1968,924.89 ,1 
55,1969,930.90 ,1 
55,1970,935.71 ,1 
55,1971,940.11 ,1 
55,1972,943.75 ,1 
55,1973,949.37 ,1 
55,1974,953.23 ,1 
55,1975,951.47 ,1 
55,1976,955.23 ,1 
55,1977,958.29 ,1 
55,1978,961.71 ,1 
55,1979,964.69 ,1 
55,1980,965.87 ,1 
55,1981,966.35 ,1 
55,1982,968.21 ,1 
55,1983,968.88 ,1 
55,1984,969.80 ,1 
55,1985,970.83 ,1 
55,1986,972.50 ,1 
55,1987,974.29 ,1 
55,1988,978.30 ,1 
55,1989,981.87 ,1 
55,1990,983.96 ,1 
55,1991,984.52 ,1 
55,1992,985.55 ,1 
55,1993,984.47 ,1 
55,1994,986.29 ,1 
55,1995,987.91 ,1 
55,1996,988.57 ,1 
55,1997,990.33 ,1 
55,1998,993.24 ,1 
55,1999,996.16 ,1 
55,2000,999.10 ,1 
55,2001,1000.20 ,1 
55,2002,1000.40 ,1 
55,2003,1000.60 ,1 
55,2004,1002.40 ,1 
55,2005,1003.40 ,1 
55,2006,1005.20 ,1 
55,2007,1006.80 ,1 
55,2008,1006.20 ,1 
55,2009,1002.90 ,1 
55,2010,1003.80 ,1 
56,1960,751.03 ,0 
56,1961,764.25 ,0 
56,1962,770.83 ,0 
56,1963,776.08 ,0 
56,1964,779.83 ,0 
56,1965,787.09 ,0 
56,1966,790.72 ,0 
56,1967,793.93 ,0 
56,1968,795.43 ,0 
56,1969,801.98 ,0 
56,1970,808.74 ,0 
56,1971,816.60 ,0 
56,1972,825.12 ,0 
56,1973,832.38 ,0 
56,1974,863.10 ,0 
56,1975,878.05 ,0 
56,1976,905.89 ,0 
56,1977,889.77 ,0 
56,1978,859.54 ,0 
56,1979,857.23 ,0 
56,1980,856.89 ,0 
56,1981,858.93 ,0 
56,1982,852.81 ,0 
56,1983,855.24 ,0 
56,1984,859.42 ,0 
56,1985,853.96 ,0 
56,1986,850.05 ,0 
56,1987,828.12 ,0 
56,1988,837.07 ,0 
56,1989,842.10 ,0 
56,1990,843.96 ,0 
56,1991,846.65 ,0 
56,1992,840.27 ,0 
56,1993,840.94 ,0 
56,1994,841.49 ,0 
56,1995,843.39 ,0 
56,1996,844.15 ,0 
56,1997,847.07 ,0 
56,1998,847.95 ,0 
56,1999,836.17 ,0 
56,2000,831.94 ,0 
56,2001,831.81 ,0 
56,2002,829.40 ,0 
56,2003,829.78 ,0 
56,2004,829.11 ,0 
56,2005,830.13 ,0 
56,2006,829.40 ,0 
56,2007,832.93 ,0 
56,2008,833.36 ,0 
56,2009,830.09 ,0 
56,2010,833.82 ,0 
57,1960,921.63 ,1 
57,1961,923.41 ,1 
57,1962,923.88 ,1 
57,1963,927.01 ,1 
57,1964,931.28 ,1 
57,1965,933.38 ,1 
57,1966,934.86 ,1 
57,1967,936.61 ,1 
57,1968,940.03 ,1 
57,1969,941.64 ,1 
57,1970,943.67 ,1 
57,1971,945.26 ,1 
57,1972,948.42 ,1 
57,1973,955.11 ,1 
57,1974,953.68 ,1 
57,1975,953.06 ,1 
57,1976,955.69 ,1 
57,1977,958.09 ,1 
57,1978,961.28 ,1 
57,1979,963.84 ,1 
57,1980,961.61 ,1 
57,1981,960.35 ,1 
57,1982,962.57 ,1 
57,1983,966.16 ,1 
57,1984,968.66 ,1 
57,1985,971.99 ,1 
57,1986,975.69 ,1 
57,1987,979.94 ,1 
57,1988,984.63 ,1 
57,1989,986.62 ,1 
57,1990,987.10 ,1 
57,1991,985.39 ,1 
57,1992,985.27 ,1 
57,1993,987.22 ,1 
57,1994,991.16 ,1 
57,1995,993.90 ,1 
57,1996,996.49 ,1 
57,1997,1002.30 ,1 
57,1998,1005.70 ,1 
57,1999,1009.00 ,1 
57,2000,1013.00 ,1 
57,2001,1015.70 ,1 
57,2002,1018.00 ,1 
57,2003,1021.00 ,1 
57,2004,1023.50 ,1 
57,2005,1024.90 ,1 
57,2006,1026.90 ,1 
57,2007,1029.60 ,1 
57,2008,1027.90 ,1 
57,2009,1022.70 ,1 
57,2010,1024.10 ,1 
59,1960,564.12 ,0 
59,1961,564.34 ,0 
59,1962,565.23 ,0 
59,1963,566.53 ,0 
59,1964,565.90 ,0 
59,1965,564.70 ,0 
59,1966,558.09 ,0 
59,1967,559.09 ,0 
59,1968,557.51 ,0 
59,1969,561.27 ,0 
59,1970,568.25 ,1 
59,1971,570.72 ,1 
59,1972,565.37 ,0 
59,1973,565.33 ,0 
59,1974,569.28 ,0 
59,1975,553.65 ,0 
59,1976,548.10 ,0 
59,1977,548.66 ,0 
59,1978,555.16 ,0 
59,1979,550.69 ,1 
59,1980,548.76 ,1 
59,1981,542.28 ,0 
59,1982,531.79 ,0 
59,1983,523.62 ,0 
59,1984,528.46 ,0 
59,1985,530.19 ,0 
59,1986,532.28 ,0 
59,1987,534.16 ,0 
59,1988,536.94 ,0 
59,1989,539.21 ,0 
59,1990,539.74 ,0 
59,1991,542.07 ,0 
59,1992,543.03 ,0 
59,1993,544.93 ,0 
59,1994,545.43 ,0 
59,1995,546.82 ,0 
59,1996,548.81 ,1 
59,1997,550.51 ,1 
59,1998,552.74 ,1 
59,1999,554.70 ,1 
59,2000,555.96 ,1 
59,2001,557.47 ,1 
59,2002,559.45 ,1 
59,2003,562.08 ,1 
59,2004,565.09 ,1 
59,2005,568.39 ,1 
59,2006,572.17 ,1 
59,2007,576.01 ,1 
59,2008,581.71 ,1 
59,2009,583.24 ,1 
59,2010,588.33 ,1 
64,1960,812.73 ,1 
64,1961,822.51 ,1 
64,1962,823.43 ,1 
64,1963,832.72 ,1 
64,1964,840.29 ,1 
64,1965,848.80 ,1 
64,1966,853.98 ,1 
64,1967,858.50 ,0 
64,1968,864.31 ,0 
64,1969,873.38 ,0 
64,1970,880.81 ,0 
64,1971,887.92 ,0 
64,1972,896.95 ,0 
64,1973,904.28 ,0 
64,1974,897.25 ,0 
64,1975,902.49 ,1 
64,1976,907.56 ,1 
64,1977,909.16 ,1 
64,1978,914.86 ,1 
64,1979,916.84 ,1 
64,1980,916.53 ,1 
64,1981,914.07 ,1 
64,1982,912.31 ,1 
64,1983,910.65 ,1 
64,1984,912.14 ,1 
64,1985,914.23 ,1 
64,1986,914.42 ,1 
64,1987,911.80 ,1 
64,1988,915.63 ,1 
64,1989,918.84 ,1 
64,1990,918.17 ,1 
64,1991,920.25 ,1 
64,1992,919.85 ,1 
64,1993,917.32 ,1 
64,1994,918.47 ,1 
64,1995,919.78 ,1 
64,1996,921.41 ,1 
64,1997,924.35 ,1 
64,1998,927.12 ,1 
64,1999,930.04 ,1 
64,2000,934.10 ,1 
64,2001,937.92 ,1 
64,2002,940.96 ,1 
64,2003,946.40 ,1 
64,2004,950.33 ,1 
64,2005,952.21 ,1 
64,2006,957.20 ,1 
64,2007,959.76 ,1 
64,2008,959.20 ,1 
64,2009,955.49 ,1 
64,2010,951.62 ,1 
66,1960,686.61 ,0 
66,1961,688.10 ,0 
66,1962,688.85 ,0 
66,1963,695.25 ,0 
66,1964,697.07 ,0 
66,1965,698.64 ,0 
66,1966,701.32 ,1 
66,1967,702.67 ,1 
66,1968,708.39 ,1 
66,1969,710.33 ,1 
66,1970,713.19 ,1 
66,1971,715.90 ,1 
66,1972,720.25 ,1 
66,1973,724.11 ,1 
66,1974,727.63 ,0 
66,1975,726.98 ,0 
66,1976,731.60 ,0 
66,1977,736.67 ,0 
66,1978,739.14 ,0 
66,1979,741.34 ,0 
66,1980,742.60 ,0 
66,1981,740.78 ,0 
66,1982,734.70 ,0 
66,1983,729.62 ,0 
66,1984,727.67 ,0 
66,1985,724.66 ,0 
66,1986,722.46 ,1 
66,1987,723.64 ,1 
66,1988,725.18 ,1 
66,1989,726.77 ,1 
66,1990,727.54 ,1 
66,1991,728.83 ,1 
66,1992,731.24 ,1 
66,1993,732.77 ,1 
66,1994,734.41 ,1 
66,1995,736.94 ,1 
66,1996,737.58 ,1 
66,1997,739.58 ,1 
66,1998,742.18 ,1 
66,1999,743.64 ,1 
66,2000,744.82 ,1 
66,2001,744.70 ,1 
66,2002,746.02 ,1 
66,2003,746.03 ,1 
66,2004,746.63 ,1 
66,2005,747.35 ,1 
66,2006,750.12 ,1 
66,2007,753.78 ,1 
66,2008,754.56 ,1 
66,2009,752.63 ,1 
66,2010,752.87 ,1 
68,1960,662.17 ,0 
68,1961,660.73 ,0 
68,1962,663.00 ,0 
68,1963,663.21 ,0 
68,1964,665.30 ,0 
68,1965,670.93 ,0 
68,1966,673.32 ,0 
68,1967,676.43 ,0 
68,1968,680.20 ,0 
68,1969,678.23 ,0 
68,1970,679.10 ,0 
68,1971,680.27 ,0 
68,1972,683.07 ,0 
68,1973,687.79 ,0 
68,1974,683.62 ,0 
68,1975,682.73 ,0 
68,1976,689.65 ,0 
68,1977,696.41 ,0 
68,1978,702.79 ,0 
68,1979,704.19 ,0 
68,1980,701.73 ,0 
68,1981,701.13 ,0 
68,1982,696.65 ,1 
68,1983,692.68 ,1 
68,1984,693.90 ,1 
68,1985,694.99 ,1 
68,1986,692.72 ,1 
68,1987,695.61 ,1 
68,1988,697.20 ,1 
68,1989,698.55 ,1 
68,1990,695.82 ,1 
68,1991,696.25 ,1 
68,1992,699.00 ,1 
68,1993,702.40 ,1 
68,1994,698.54 ,1 
68,1995,700.09 ,1 
68,1996,701.29 ,1 
68,1997,703.92 ,1 
68,1998,704.62 ,1 
68,1999,700.61 ,1 
68,2000,704.12 ,1 
68,2001,704.75 ,1 
68,2002,706.40 ,1 
68,2003,708.83 ,1 
68,2004,712.88 ,1 
68,2005,716.75 ,1 
68,2006,721.12 ,1 
68,2007,725.13 ,1 
68,2008,727.29 ,1 
68,2009,723.14 ,1 
68,2010,723.88 ,1 
72,1960,530.16 ,0 
72,1961,533.63 ,0 
72,1962,533.05 ,0 
72,1963,528.28 ,0 
72,1964,529.16 ,0 
72,1965,527.57 ,0 
72,1966,527.83 ,0 
72,1967,526.38 ,0 
72,1968,535.18 ,0 
72,1969,539.83 ,0 
72,1970,545.12 ,0 
72,1971,549.34 ,0 
72,1972,554.41 ,0 
72,1973,561.23 ,0 
72,1974,566.69 ,0 
72,1975,570.24 ,0 
72,1976,573.64 ,0 
72,1977,579.55 ,0 
72,1978,586.01 ,0 
72,1979,590.54 ,0 
72,1980,596.62 ,0 
72,1981,602.19 ,0 
72,1982,601.05 ,0 
72,1983,606.98 ,0 
72,1984,611.78 ,0 
72,1985,613.15 ,0 
72,1986,616.97 ,0 
72,1987,620.23 ,0 
72,1988,624.55 ,0 
72,1989,631.47 ,0 
72,1990,638.37 ,0 
72,1991,645.25 ,0 
72,1992,650.60 ,0 
72,1993,656.03 ,0 
72,1994,661.78 ,0 
72,1995,668.37 ,0 
72,1996,674.32 ,0 
72,1997,677.53 ,0 
72,1998,662.12 ,0 
72,1999,661.58 ,1 
72,2000,665.07 ,1 
72,2001,667.34 ,1 
72,2002,670.44 ,1 
72,2003,673.84 ,1 
72,2004,677.51 ,1 
72,2005,681.85 ,1 
72,2006,686.06 ,1 
72,2007,691.11 ,1 
72,2008,695.89 ,1 
72,2009,699.32 ,1 
72,2010,704.21 ,1 
73,1960,494.82 ,1 
73,1961,496.60 ,1 
73,1962,497.65 ,1 
73,1963,501.68 ,1 
73,1964,506.77 ,1 
73,1965,524.24 ,1 
73,1966,522.06 ,1 
73,1967,527.44 ,1 
73,1968,528.57 ,1 
73,1969,532.69 ,1 
73,1970,535.46 ,1 
73,1971,534.80 ,1 
73,1972,531.94 ,1 
73,1973,532.88 ,1 
73,1974,531.71 ,1 
73,1975,538.11 ,1 
73,1976,537.39 ,1 
73,1977,542.02 ,1 
73,1978,545.20 ,1 
73,1979,537.47 ,1 
73,1980,541.65 ,1 
73,1981,545.16 ,1 
73,1982,546.26 ,1 
73,1983,551.03 ,1 
73,1984,552.53 ,1 
73,1985,555.40 ,1 
73,1986,557.84 ,1 
73,1987,559.53 ,1 
73,1988,566.57 ,1 
73,1989,570.23 ,1 
73,1990,573.52 ,1 
73,1991,572.52 ,1 
73,1992,575.84 ,1 
73,1993,578.52 ,1 
73,1994,583.03 ,1 
73,1995,588.43 ,1 
73,1996,593.86 ,1 
73,1997,596.02 ,1 
73,1998,600.25 ,1 
73,1999,605.65 ,1 
73,2000,607.91 ,1 
73,2001,611.35 ,1 
73,2002,613.45 ,1 
73,2003,619.92 ,1 
73,2004,626.34 ,1 
73,2005,633.74 ,1 
73,2006,641.13 ,1 
73,2007,649.04 ,1 
73,2008,652.43 ,1 
73,2009,659.73 ,1 
73,2010,666.78 ,1 
77,1960,922.13 ,1 
77,1961,920.09 ,1 
77,1962,926.23 ,1 
77,1963,934.23 ,1 
77,1964,941.91 ,1 
77,1965,947.29 ,1 
77,1966,953.97 ,1 
77,1967,951.09 ,1 
77,1968,944.09 ,1 
77,1969,945.50 ,1 
77,1970,952.17 ,1 
77,1971,963.64 ,1 
77,1972,968.17 ,1 
77,1973,973.24 ,1 
77,1974,977.44 ,1 
77,1975,976.81 ,1 
77,1976,981.60 ,1 
77,1977,989.31 ,1 
77,1978,994.37 ,1 
77,1979,998.14 ,1 
77,1980,1002.70 ,1 
77,1981,1005.70 ,1 
77,1982,1006.50 ,1 
77,1983,1003.00 ,1 
77,1984,1006.00 ,1 
77,1985,1008.40 ,1 
77,1986,1013.80 ,1 
77,1987,1020.90 ,1 
77,1988,1019.20 ,1 
77,1989,1018.30 ,1 
77,1990,1018.60 ,1 
77,1991,1017.30 ,1 
77,1992,1012.60 ,1 
77,1993,1012.90 ,1 
77,1994,1015.50 ,1 
77,1995,1015.10 ,1 
77,1996,1019.20 ,1 
77,1997,1023.20 ,1 
77,1998,1028.30 ,1 
77,1999,1031.10 ,1 
77,2000,1033.90 ,1 
77,2001,1036.50 ,1 
77,2002,1035.70 ,1 
77,2003,1037.40 ,1 
77,2004,1044.10 ,1 
77,2005,1049.50 ,1 
77,2006,1051.70 ,1 
77,2007,1055.00 ,1 
77,2008,1054.40 ,1 
77,2009,1047.20 ,1 
77,2010,1043.30 ,1 
78,1960,867.04 ,1 
78,1961,874.36 ,1 
78,1962,879.21 ,1 
78,1963,885.69 ,1 
78,1964,889.37 ,1 
78,1965,894.58 ,1 
78,1966,891.95 ,1 
78,1967,890.59 ,1 
78,1968,903.55 ,1 
78,1969,913.66 ,1 
78,1970,917.40 ,1 
78,1971,924.89 ,1 
78,1972,935.16 ,1 
78,1973,934.40 ,1 
78,1974,938.04 ,1 
78,1975,939.02 ,1 
78,1976,938.09 ,1 
78,1977,935.85 ,1 
78,1978,938.45 ,1 
78,1979,941.97 ,1 
78,1980,946.22 ,1 
78,1981,949.25 ,1 
78,1982,949.16 ,1 
78,1983,950.79 ,1 
78,1984,950.39 ,1 
78,1985,952.01 ,1 
78,1986,955.15 ,1 
78,1987,960.47 ,1 
78,1988,960.82 ,1 
78,1989,959.99 ,1 
78,1990,963.50 ,1 
78,1991,964.90 ,1 
78,1992,966.92 ,1 
78,1993,969.67 ,1 
78,1994,973.79 ,1 
78,1995,977.58 ,1 
78,1996,980.44 ,1 
78,1997,980.77 ,1 
78,1998,982.67 ,1 
78,1999,983.37 ,1 
78,2000,989.53 ,1 
78,2001,987.13 ,1 
78,2002,984.45 ,1 
78,2003,984.14 ,1 
78,2004,987.25 ,1 
78,2005,990.46 ,1 
78,2006,994.23 ,1 
78,2007,997.64 ,1 
78,2008,1000.00 ,1 
78,2009,998.41 ,1 
78,2010,1001.10 ,1 
79,1960,867.38 ,1 
79,1961,874.60 ,1 
79,1962,879.94 ,1 
79,1963,884.67 ,1 
79,1964,886.60 ,1 
79,1965,888.98 ,1 
79,1966,894.01 ,1 
79,1967,900.22 ,1 
79,1968,905.93 ,1 
79,1969,911.28 ,1 
79,1970,915.93 ,1 
79,1971,917.26 ,1 
79,1972,920.32 ,1 
79,1973,926.52 ,1 
79,1974,931.22 ,1 
79,1975,928.51 ,1 
79,1976,934.90 ,1 
79,1977,937.00 ,1 
79,1978,939.83 ,1 
79,1979,945.33 ,1 
79,1980,948.50 ,1 
79,1981,949.22 ,1 
79,1982,949.56 ,1 
79,1983,950.69 ,1 
79,1984,953.84 ,1 
79,1985,956.57 ,1 
79,1986,959.38 ,1 
79,1987,962.51 ,1 
79,1988,966.58 ,1 
79,1989,969.83 ,1 
79,1990,971.78 ,1 
79,1991,973.23 ,1 
79,1992,973.94 ,1 
79,1993,973.02 ,1 
79,1994,975.13 ,1 
79,1995,977.97 ,1 
79,1996,979.07 ,1 
79,1997,980.87 ,1 
79,1998,982.28 ,1 
79,1999,983.70 ,1 
79,2000,987.24 ,1 
79,2001,989.03 ,1 
79,2002,989.16 ,1 
79,2003,988.33 ,1 
79,2004,989.07 ,1 
79,2005,989.25 ,1 
79,2006,990.86 ,1 
79,2007,991.79 ,1 
79,2008,989.86 ,1 
79,2009,984.08 ,1 
79,2010,985.13 ,1 
82,1960,895.47 ,1 
82,1961,904.23 ,1 
82,1962,911.84 ,1 
82,1963,918.95 ,1 
82,1964,928.95 ,1 
82,1965,933.54 ,1 
82,1966,942.73 ,1 
82,1967,952.31 ,1 
82,1968,964.09 ,1 
82,1969,973.79 ,1 
82,1970,976.85 ,1 
82,1971,980.09 ,1 
82,1972,986.76 ,1 
82,1973,993.66 ,1 
82,1974,990.52 ,1 
82,1975,991.96 ,1 
82,1976,995.12 ,1 
82,1977,998.45 ,1 
82,1978,1002.70 ,1 
82,1979,1007.20 ,1 
82,1980,1009.20 ,1 
82,1981,1011.30 ,1 
82,1982,1013.40 ,1 
82,1983,1014.30 ,1 
82,1984,1016.70 ,1 
82,1985,1021.10 ,1 
82,1986,1023.40 ,1 
82,1987,1026.60 ,1 
82,1988,1032.70 ,1 
82,1989,1037.50 ,1 
82,1990,1042.20 ,1 
82,1991,1045.20 ,1 
82,1992,1045.70 ,1 
82,1993,1045.70 ,1 
82,1994,1046.20 ,1 
82,1995,1047.70 ,1 
82,1996,1050.00 ,1 
82,1997,1051.30 ,1 
82,1998,1049.00 ,1 
82,1999,1048.60 ,1 
82,2000,1051.30 ,1 
82,2001,1051.30 ,1 
82,2002,1051.30 ,1 
82,2003,1052.50 ,1 
82,2004,1055.20 ,1 
82,2005,1057.10 ,1 
82,2006,1059.10 ,1 
82,2007,1061.40 ,1 
82,2008,1060.30 ,1 
82,2009,1053.90 ,1 
82,2010,1057.90 ,1 
84,1960,556.39 ,0 
84,1961,545.18 ,0 
84,1962,551.07 ,0 
84,1963,556.30 ,0 
84,1964,557.92 ,0 
84,1965,556.65 ,0 
84,1966,567.11 ,0 
84,1967,567.09 ,0 
84,1968,571.40 ,0 
84,1969,575.64 ,0 
84,1970,567.39 ,0 
84,1971,583.88 ,0 
84,1972,596.07 ,0 
84,1973,598.17 ,0 
84,1974,598.49 ,0 
84,1975,595.67 ,0 
84,1976,594.09 ,0 
84,1977,599.40 ,0 
84,1978,602.34 ,0 
84,1979,605.91 ,0 
84,1980,607.55 ,0 
84,1981,607.44 ,0 
84,1982,605.12 ,0 
84,1983,602.62 ,0 
84,1984,600.59 ,0 
84,1985,601.09 ,0 
84,1986,604.36 ,0 
84,1987,606.53 ,0 
84,1988,609.02 ,0 
84,1989,610.14 ,0 
84,1990,610.85 ,0 
84,1991,608.95 ,0 
84,1992,604.90 ,0 
84,1993,602.09 ,0 
84,1994,601.65 ,0 
84,1995,603.07 ,0 
84,1996,604.38 ,0 
84,1997,602.21 ,0 
84,1998,602.89 ,0 
84,1999,602.62 ,0 
84,2000,600.65 ,0 
84,2001,601.77 ,0 
84,2002,599.69 ,1 
84,2003,599.95 ,1 
84,2004,602.31 ,1 
84,2005,605.45 ,1 
84,2006,609.01 ,1 
84,2007,613.23 ,1 
84,2008,612.19 ,1 
84,2009,612.22 ,1 
84,2010,615.00 ,1 
89,1960,705.07 ,1 
89,1961,707.33 ,0 
89,1962,707.03 ,0 
89,1963,713.51 ,0 
89,1964,718.26 ,0 
89,1965,720.86 ,0 
89,1966,730.44 ,0 
89,1967,734.05 ,0 
89,1968,742.88 ,0 
89,1969,753.89 ,0 
89,1970,759.77 ,0 
89,1971,765.61 ,0 
89,1972,767.94 ,0 
89,1973,777.32 ,0 
89,1974,782.29 ,0 
89,1975,786.14 ,0 
89,1976,794.59 ,0 
89,1977,802.56 ,0 
89,1978,809.93 ,0 
89,1979,814.98 ,0 
89,1980,811.92 ,0 
89,1981,816.34 ,0 
89,1982,821.86 ,0 
89,1983,830.62 ,0 
89,1984,837.18 ,0 
89,1985,842.77 ,0 
89,1986,851.94 ,0 
89,1987,861.53 ,0 
89,1988,870.68 ,1 
89,1989,876.25 ,1 
89,1990,883.86 ,1 
89,1991,891.91 ,1 
89,1992,896.71 ,1 
89,1993,901.77 ,1 
89,1994,909.07 ,1 
89,1995,916.41 ,1 
89,1996,922.22 ,1 
89,1997,925.83 ,1 
89,1998,918.01 ,1 
89,1999,926.36 ,1 
89,2000,933.67 ,1 
89,2001,936.82 ,1 
89,2002,943.17 ,1 
89,2003,945.44 ,1 
89,2004,949.58 ,1 
89,2005,953.26 ,1 
89,2006,957.97 ,1 
89,2007,962.63 ,1 
89,2008,964.59 ,1 
89,2009,964.62 ,1 
89,2010,970.34 ,1 
93,1960,646.86 ,0 
93,1961,646.89 ,0 
93,1962,645.80 ,0 
93,1963,645.60 ,0 
93,1964,648.13 ,0 
93,1965,650.28 ,0 
93,1966,655.14 ,0 
93,1967,659.06 ,0 
93,1968,661.08 ,0 
93,1969,665.44 ,0 
93,1970,669.17 ,0 
93,1971,671.21 ,0 
93,1972,672.48 ,0 
93,1973,667.38 ,0 
93,1974,669.16 ,0 
93,1975,662.73 ,0 
93,1976,665.02 ,0 
93,1977,663.74 ,0 
93,1978,665.57 ,0 
93,1979,665.76 ,0 
93,1980,658.40 ,0 
93,1981,652.85 ,0 
93,1982,646.90 ,0 
93,1983,641.79 ,0 
93,1984,637.19 ,0 
93,1985,634.89 ,0 
93,1986,632.75 ,0 
93,1987,632.13 ,0 
93,1988,631.11 ,0 
93,1989,601.50 ,0 
93,1990,531.60 ,0 
93,1991,517.95 ,0 
93,1992,476.53 ,0 
93,1993,437.68 ,0 
93,1994,412.68 ,0 
93,1995,405.67 ,0 
93,1996,412.03 ,0 
93,1997,477.57 ,0 
93,1998,496.21 ,0 
93,1999,510.35 ,0 
93,2000,528.32 ,0 
93,2001,528.00 ,0 
93,2002,529.72 ,0 
93,2003,490.80 ,0 
93,2004,491.57 ,1 
93,2005,493.87 ,1 
93,2006,497.34 ,1 
93,2007,501.51 ,1 
93,2008,503.29 ,1 
93,2009,503.03 ,1 
93,2010,504.36 ,1 
96,1960,559.96 ,1 
96,1961,561.85 ,1 
96,1962,563.35 ,1 
96,1963,563.60 ,1 
96,1964,565.18 ,1 
96,1965,565.40 ,1 
96,1966,567.99 ,1 
96,1967,571.92 ,1 
96,1968,575.26 ,1 
96,1969,580.47 ,1 
96,1970,582.11 ,1 
96,1971,581.37 ,1 
96,1972,579.02 ,1 
96,1973,583.96 ,1 
96,1974,585.89 ,1 
96,1975,590.00 ,1 
96,1976,591.44 ,1 
96,1977,594.59 ,1 
96,1978,598.30 ,1 
96,1979,602.79 ,1 
96,1980,606.83 ,1 
96,1981,610.83 ,1 
96,1982,613.42 ,1 
96,1983,616.71 ,1 
96,1984,620.29 ,1 
96,1985,623.78 ,1 
96,1986,626.64 ,1 
96,1987,626.96 ,1 
96,1988,628.03 ,1 
96,1989,628.99 ,1 
96,1990,633.95 ,1 
96,1991,637.27 ,1 
96,1992,640.45 ,1 
96,1993,646.09 ,1 
96,1994,650.63 ,1 
96,1995,655.21 ,1 
96,1996,658.33 ,1 
96,1997,664.06 ,1 
96,1998,668.21 ,1 
96,1999,671.88 ,1 
96,2000,676.99 ,1 
96,2001,674.49 ,1 
96,2002,677.26 ,1 
96,2003,681.81 ,1 
96,2004,685.88 ,1 
96,2005,690.76 ,1 
96,2006,697.04 ,1 
96,2007,702.58 ,1 
96,2008,707.37 ,1 
96,2009,709.90 ,1 
96,2010,716.68 ,1 
97,1960,488.45 ,0 
97,1961,488.57 ,0 
97,1962,501.04 ,0 
97,1963,509.27 ,0 
97,1964,515.31 ,0 
97,1965,515.51 ,0 
97,1966,513.13 ,0 
97,1967,521.48 ,0 
97,1968,519.08 ,0 
97,1969,518.56 ,0 
97,1970,518.67 ,0 
97,1971,521.62 ,0 
97,1972,519.37 ,0 
97,1973,540.71 ,0 
97,1974,548.93 ,0 
97,1975,532.08 ,0 
97,1976,540.09 ,0 
97,1977,557.24 ,0 
97,1978,571.41 ,0 
97,1979,571.59 ,0 
97,1980,566.13 ,0 
97,1981,564.16 ,0 
97,1982,564.03 ,0 
97,1983,558.20 ,0 
97,1984,565.63 ,0 
97,1985,568.19 ,0 
97,1986,566.60 ,0 
97,1987,557.18 ,0 
97,1988,563.74 ,0 
97,1989,568.47 ,0 
97,1990,572.91 ,0 
97,1991,573.42 ,0 
97,1992,578.74 ,0 
97,1993,580.19 ,1 
97,1994,583.90 ,1 
97,1995,583.80 ,1 
97,1996,586.46 ,1 
97,1997,587.89 ,1 
97,1998,591.33 ,0 
97,1999,589.97 ,1 
97,2000,593.96 ,1 
97,2001,596.77 ,1 
97,2002,596.77 ,1 
97,2003,600.10 ,1 
97,2004,601.44 ,1 
97,2005,603.20 ,1 
97,2006,606.46 ,1 
97,2007,610.10 ,1 
97,2008,614.35 ,1 
97,2009,616.16 ,1 
97,2010,620.60 ,1 
99,1960,952.60 ,1 
99,1961,955.44 ,1 
99,1962,955.57 ,1 
99,1963,957.91 ,1 
99,1964,964.36 ,1 
99,1965,962.49 ,1 
99,1966,962.87 ,1 
99,1967,962.75 ,1 
99,1968,966.60 ,1 
99,1969,975.61 ,1 
99,1970,976.81 ,1 
99,1971,978.49 ,1 
99,1972,983.67 ,1 
99,1973,990.55 ,1 
99,1974,993.37 ,1 
99,1975,985.48 ,1 
99,1976,987.49 ,1 
99,1977,988.87 ,1 
99,1978,992.69 ,1 
99,1979,994.77 ,1 
99,1980,995.25 ,1 
99,1981,994.41 ,1 
99,1982,995.45 ,1 
99,1983,998.37 ,1 
99,1984,1004.30 ,1 
99,1985,1006.80 ,1 
99,1986,1015.90 ,1 
99,1987,1019.10 ,1 
99,1988,1026.50 ,1 
99,1989,1034.90 ,1 
99,1990,1038.80 ,1 
99,1991,1045.80 ,1 
99,1992,1046.30 ,1 
99,1993,1049.00 ,1 
99,1994,1051.40 ,1 
99,1995,1051.40 ,1 
99,1996,1051.60 ,1 
99,1997,1056.10 ,1 
99,1998,1061.10 ,1 
99,1999,1067.90 ,1 
99,2000,1074.60 ,1 
99,2001,1075.90 ,1 
99,2002,1078.90 ,1 
99,2003,1079.20 ,1 
99,2004,1082.10 ,1 
99,2005,1085.90 ,1 
99,2006,1089.10 ,1 
99,2007,1094.00 ,1 
99,2008,1093.00 ,1 
99,2009,1085.70 ,1 
99,2010,1086.50 ,1 
101,1960,647.09 ,0 
101,1961,641.89 ,0 
101,1962,650.96 ,0 
101,1963,652.99 ,0 
101,1964,651.52 ,0 
101,1965,650.62 ,0 
101,1966,646.28 ,0 
101,1967,652.96 ,0 
101,1968,659.53 ,0 
101,1969,664.79 ,0 
101,1970,666.73 ,0 
101,1971,669.63 ,0 
101,1972,669.60 ,0 
101,1973,670.71 ,0 
101,1974,673.77 ,0 
101,1975,678.63 ,0 
101,1976,686.44 ,0 
101,1977,689.85 ,0 
101,1978,689.54 ,0 
101,1979,691.66 ,0 
101,1980,692.63 ,0 
101,1981,687.17 ,0 
101,1982,693.66 ,0 
101,1983,690.43 ,0 
101,1984,692.08 ,0 
101,1985,695.74 ,0 
101,1986,701.36 ,0 
101,1987,696.55 ,0 
101,1988,704.34 ,0 
101,1989,704.66 ,0 
101,1990,706.68 ,0 
101,1991,711.51 ,0 
101,1992,705.65 ,0 
101,1993,702.96 ,0 
101,1994,711.23 ,0 
101,1995,702.89 ,0 
101,1996,712.94 ,0 
101,1997,709.27 ,0 
101,1998,715.29 ,0 
101,1999,714.50 ,0 
101,2000,714.82 ,0 
101,2001,720.88 ,0 
101,2002,722.96 ,0 
101,2003,727.94 ,0 
101,2004,731.51 ,0 
101,2005,733.36 ,0 
101,2006,739.76 ,0 
101,2007,741.39 ,0 
101,2008,745.79 ,0 
101,2009,749.41 ,0 
101,2010,751.99 ,0 
103,1960,601.40 ,0 
103,1961,601.04 ,0 
103,1962,600.87 ,0 
103,1963,597.50 ,0 
103,1964,598.93 ,0 
103,1965,596.00 ,0 
103,1966,595.54 ,0 
103,1967,598.41 ,0 
103,1968,602.47 ,0 
103,1969,603.54 ,0 
103,1970,606.06 ,0 
103,1971,607.25 ,0 
103,1972,603.28 ,0 
103,1973,597.90 ,0 
103,1974,597.14 ,0 
103,1975,595.63 ,0 
103,1976,589.73 ,0 
103,1977,589.26 ,0 
103,1978,583.78 ,0 
103,1979,590.45 ,0 
103,1980,588.59 ,0 
103,1981,575.81 ,0 
103,1982,571.46 ,0 
103,1983,569.85 ,0 
103,1984,568.99 ,0 
103,1985,567.50 ,0 
103,1986,566.72 ,0 
103,1987,565.09 ,0 
103,1988,565.58 ,0 
103,1989,566.67 ,0 
103,1990,566.81 ,0 
103,1991,557.32 ,0 
103,1992,555.50 ,0 
103,1993,554.54 ,1 
103,1994,551.40 ,1 
103,1995,550.00 ,1 
103,1996,548.99 ,1 
103,1997,549.46 ,1 
103,1998,550.16 ,1 
103,1999,551.56 ,1 
103,2000,553.09 ,1 
103,2001,555.85 ,1 
103,2002,539.23 ,1 
103,2003,545.53 ,1 
103,2004,547.64 ,1 
103,2005,549.15 ,1 
103,2006,551.07 ,1 
103,2007,554.16 ,1 
103,2008,558.11 ,1 
103,2009,550.51 ,0 
103,2010,549.17 ,0 
105,1960,780.63 ,0 
105,1961,782.27 ,0 
105,1962,783.65 ,0 
105,1963,788.32 ,0 
105,1964,796.52 ,0 
105,1965,799.89 ,0 
105,1966,802.88 ,0 
105,1967,805.71 ,0 
105,1968,811.87 ,0 
105,1969,812.36 ,0 
105,1970,815.73 ,0 
105,1971,816.43 ,0 
105,1972,821.32 ,0 
105,1973,825.86 ,0 
105,1974,828.50 ,0 
105,1975,831.16 ,0 
105,1976,832.63 ,0 
105,1977,833.17 ,0 
105,1978,839.06 ,0 
105,1979,845.76 ,0 
105,1980,852.21 ,0 
105,1981,858.40 ,0 
105,1982,855.70 ,0 
105,1983,849.43 ,0 
105,1984,851.02 ,0 
105,1985,851.59 ,0 
105,1986,845.73 ,0 
105,1987,845.51 ,0 
105,1988,844.69 ,0 
105,1989,846.77 ,0 
105,1990,849.75 ,0 
105,1991,851.99 ,0 
105,1992,853.71 ,0 
105,1993,853.84 ,0 
105,1994,856.45 ,0 
105,1995,848.30 ,0 
105,1996,851.61 ,0 
105,1997,856.49 ,1 
105,1998,859.66 ,1 
105,1999,861.91 ,1 
105,2000,866.85 ,1 
105,2001,865.33 ,1 
105,2002,864.87 ,1 
105,2003,864.99 ,1 
105,2004,867.74 ,1 
105,2005,869.66 ,1 
105,2006,873.42 ,1 
105,2007,875.35 ,1 
105,2008,875.26 ,1 
105,2009,867.55 ,1 
105,2010,871.69 ,1 
111,1960,592.39 ,0 
111,1961,604.01 ,0 
111,1962,601.91 ,0 
111,1963,597.07 ,0 
111,1964,618.69 ,0 
111,1965,630.83 ,0 
111,1966,628.24 ,0 
111,1967,628.93 ,0 
111,1968,635.82 ,0 
111,1969,634.21 ,0 
111,1970,642.66 ,0 
111,1971,641.59 ,0 
111,1972,637.93 ,0 
111,1973,630.31 ,0 
111,1974,638.84 ,0 
111,1975,630.64 ,0 
111,1976,635.91 ,0 
111,1977,631.09 ,0 
111,1978,627.66 ,0 
111,1979,629.44 ,0 
111,1980,629.87 ,0 
111,1981,630.38 ,0 
111,1982,625.15 ,0 
111,1983,625.98 ,0 
111,1984,619.91 ,0 
111,1985,620.12 ,0 
111,1986,622.99 ,0 
111,1987,622.24 ,0 
111,1988,621.32 ,0 
111,1989,623.35 ,0 
111,1990,618.89 ,0 
111,1991,617.95 ,0 
111,1992,617.06 ,0 
111,1993,619.99 ,0 
111,1994,614.08 ,0 
111,1995,620.63 ,0 
111,1996,623.46 ,0 
111,1997,616.51 ,0 
111,1998,618.08 ,0 
111,1999,622.65 ,0 
111,2000,619.34 ,0 
111,2001,618.43 ,0 
111,2002,616.20 ,0 
111,2003,619.13 ,0 
111,2004,621.90 ,0 
111,2005,627.73 ,0 
111,2006,642.34 ,0 
111,2007,641.34 ,1 
111,2008,642.25 ,0 
111,2009,638.56 ,0 
111,2010,641.20 ,0 
113,1960,459.14 ,0 
113,1961,464.19 ,0 
113,1962,462.49 ,0 
113,1963,458.68 ,0 
113,1964,458.86 ,0 
113,1965,469.16 ,0 
113,1966,479.12 ,0 
113,1967,483.64 ,0 
113,1968,479.11 ,0 
113,1969,482.13 ,0 
113,1970,479.78 ,0 
113,1971,491.84 ,0 
113,1972,494.80 ,0 
113,1973,493.90 ,0 
113,1974,497.61 ,0 
113,1975,500.26 ,0 
113,1976,501.81 ,0 
113,1977,503.22 ,0 
113,1978,509.16 ,0 
113,1979,510.26 ,0 
113,1980,507.66 ,0 
113,1981,499.55 ,0 
113,1982,499.58 ,0 
113,1983,500.62 ,0 
113,1984,502.54 ,0 
113,1985,502.78 ,0 
113,1986,497.30 ,0 
113,1987,492.99 ,0 
113,1988,490.29 ,0 
113,1989,486.70 ,0 
113,1990,488.66 ,0 
113,1991,494.89 ,0 
113,1992,486.26 ,0 
113,1993,495.10 ,0 
113,1994,483.78 ,1 
113,1995,498.11 ,1 
113,1996,503.30 ,1 
113,1997,504.58 ,1 
113,1998,505.60 ,1 
113,1999,505.72 ,1 
113,2000,504.52 ,1 
113,2001,496.77 ,1 
113,2002,495.86 ,1 
113,2003,498.61 ,1 
113,2004,501.30 ,1 
113,2005,501.10 ,1 
113,2006,505.65 ,1 
113,2007,508.35 ,1 
113,2008,513.59 ,1 
113,2009,517.84 ,1 
113,2010,521.57 ,1 
114,1960,670.03 ,0 
114,1961,674.11 ,0 
114,1962,677.05 ,0 
114,1963,680.87 ,0 
114,1964,682.94 ,0 
114,1965,687.35 ,0 
114,1966,692.04 ,0 
114,1967,693.14 ,0 
114,1968,698.24 ,0 
114,1969,700.49 ,0 
114,1970,703.82 ,0 
114,1971,706.93 ,0 
114,1972,713.44 ,0 
114,1973,722.09 ,0 
114,1974,727.68 ,0 
114,1975,726.13 ,0 
114,1976,734.77 ,0 
114,1977,739.95 ,0 
114,1978,744.09 ,0 
114,1979,750.69 ,0 
114,1980,755.47 ,0 
114,1981,759.71 ,0 
114,1982,762.95 ,0 
114,1983,766.41 ,0 
114,1984,771.20 ,0 
114,1985,767.30 ,0 
114,1986,765.58 ,0 
114,1987,767.90 ,0 
114,1988,774.44 ,0 
114,1989,780.22 ,0 
114,1990,786.04 ,0 
114,1991,792.45 ,0 
114,1992,798.34 ,0 
114,1993,805.22 ,0 
114,1994,811.51 ,0 
114,1995,818.37 ,0 
114,1996,825.39 ,0 
114,1997,829.97 ,0 
114,1998,819.88 ,0 
114,1999,823.42 ,0 
114,2000,829.54 ,0 
114,2001,827.74 ,0 
114,2002,830.72 ,0 
114,2003,834.15 ,0 
114,2004,838.62 ,0 
114,2005,841.84 ,0 
114,2006,845.68 ,0 
114,2007,850.22 ,0 
114,2008,853.27 ,0 
114,2009,850.00 ,0 
114,2010,855.35 ,0 
116,1960,574.91 ,0 
116,1961,576.49 ,0 
116,1962,583.35 ,0 
116,1963,589.39 ,0 
116,1964,586.54 ,0 
116,1965,590.25 ,0 
116,1966,586.87 ,0 
116,1967,584.00 ,0 
116,1968,581.39 ,0 
116,1969,572.76 ,0 
116,1970,572.78 ,0 
116,1971,575.33 ,0 
116,1972,567.06 ,0 
116,1973,545.41 ,0 
116,1974,550.87 ,0 
116,1975,545.08 ,0 
116,1976,542.79 ,0 
116,1977,547.30 ,0 
116,1978,556.99 ,0 
116,1979,560.98 ,0 
116,1980,555.87 ,0 
116,1981,553.67 ,0 
116,1982,552.50 ,0 
116,1983,544.88 ,0 
116,1984,523.71 ,0 
116,1985,528.38 ,0 
116,1986,531.77 ,0 
116,1987,529.04 ,0 
116,1988,532.86 ,0 
116,1989,530.85 ,0 
116,1990,526.53 ,0 
116,1991,525.86 ,1 
116,1992,515.90 ,1 
116,1993,514.04 ,1 
116,1994,514.60 ,1 
116,1995,513.77 ,1 
116,1996,513.69 ,0 
116,1997,512.93 ,0 
116,1998,519.35 ,0 
116,1999,515.29 ,1 
116,2000,510.38 ,1 
116,2001,513.77 ,1 
116,2002,513.27 ,1 
116,2003,514.97 ,1 
116,2004,511.60 ,1 
116,2005,512.50 ,1 
116,2006,514.61 ,1 
116,2007,514.41 ,1 
116,2008,519.20 ,1 
116,2009,514.44 ,0 
116,2010,519.34 ,1 
117,1960,563.30 ,1 
117,1961,561.37 ,1 
117,1962,563.23 ,1 
117,1963,569.28 ,1 
117,1964,571.92 ,1 
117,1965,574.48 ,1 
117,1966,567.93 ,0 
117,1967,548.56 ,0 
117,1968,545.04 ,0 
117,1969,564.41 ,0 
117,1970,584.38 ,0 
117,1971,595.30 ,0 
117,1972,596.18 ,0 
117,1973,598.92 ,0 
117,1974,606.87 ,0 
117,1975,598.74 ,0 
117,1976,604.48 ,0 
117,1977,607.30 ,0 
117,1978,598.31 ,0 
117,1979,601.88 ,1 
117,1980,603.15 ,1 
117,1981,586.39 ,1 
117,1982,583.58 ,1 
117,1983,575.65 ,1 
117,1984,568.22 ,0 
117,1985,574.96 ,0 
117,1986,574.88 ,0 
117,1987,571.59 ,0 
117,1988,578.45 ,0 
117,1989,582.84 ,0 
117,1990,588.21 ,0 
117,1991,590.39 ,0 
117,1992,590.84 ,0 
117,1993,590.61 ,0 
117,1994,588.34 ,0 
117,1995,588.45 ,0 
117,1996,590.32 ,0 
117,1997,590.66 ,0 
117,1998,590.20 ,0 
117,1999,588.94 ,1 
117,2000,591.83 ,1 
117,2001,592.47 ,1 
117,2002,591.57 ,1 
117,2003,598.91 ,1 
117,2004,606.51 ,1 
117,2005,609.29 ,1 
117,2006,612.83 ,1 
117,2007,616.59 ,1 
117,2008,619.92 ,1 
117,2009,624.18 ,1 
117,2010,630.01 ,1 
118,1960,681.83 ,0 
118,1961,685.87 ,0 
118,1962,693.90 ,0 
118,1963,700.38 ,0 
118,1964,707.94 ,0 
118,1965,713.57 ,0 
118,1966,713.81 ,0 
118,1967,717.54 ,0 
118,1968,715.85 ,0 
118,1969,718.87 ,0 
118,1970,717.17 ,0 
118,1971,717.37 ,0 
118,1972,716.51 ,0 
118,1973,719.68 ,0 
118,1974,729.89 ,0 
118,1975,726.68 ,0 
118,1976,728.71 ,0 
118,1977,733.72 ,0 
118,1978,722.56 ,0 
118,1979,688.86 ,0 
118,1980,690.51 ,0 
118,1981,692.93 ,0 
118,1982,689.37 ,0 
118,1983,691.24 ,0 
118,1984,687.13 ,0 
118,1985,680.56 ,0 
118,1986,677.28 ,0 
118,1987,674.43 ,0 
118,1988,659.05 ,0 
118,1989,655.20 ,0 
118,1990,652.86 ,1 
118,1991,650.31 ,1 
118,1992,648.26 ,1 
118,1993,645.42 ,1 
118,1994,646.35 ,1 
118,1995,649.89 ,1 
118,1996,653.99 ,1 
118,1997,655.96 ,1 
118,1998,657.82 ,1 
118,1999,662.94 ,1 
118,2000,665.39 ,1 
118,2001,666.84 ,1 
118,2002,666.22 ,1 
118,2003,667.41 ,1 
118,2004,671.31 ,1 
118,2005,674.24 ,1 
118,2006,678.44 ,1 
118,2007,681.91 ,1 
118,2008,684.16 ,1 
118,2009,679.55 ,1 
118,2010,685.47 ,1 
119,1960,905.52 ,1 
119,1961,904.50 ,1 
119,1962,909.69 ,1 
119,1963,911.91 ,1 
119,1964,918.52 ,1 
119,1965,925.44 ,1 
119,1966,926.84 ,1 
119,1967,930.85 ,1 
119,1968,936.03 ,1 
119,1969,941.10 ,1 
119,1970,945.40 ,1 
119,1971,948.45 ,1 
119,1972,949.92 ,1 
119,1973,954.71 ,1 
119,1974,958.10 ,1 
119,1975,957.33 ,1 
119,1976,961.22 ,1 
119,1977,962.53 ,1 
119,1978,964.22 ,1 
119,1979,965.53 ,1 
119,1980,967.94 ,1 
119,1981,966.46 ,1 
119,1982,964.76 ,1 
119,1983,966.43 ,1 
119,1984,969.04 ,1 
119,1985,971.12 ,1 
119,1986,973.32 ,1 
119,1987,974.60 ,1 
119,1988,977.33 ,1 
119,1989,981.06 ,1 
119,1990,984.47 ,1 
119,1991,986.09 ,1 
119,1992,987.03 ,1 
119,1993,987.58 ,1 
119,1994,989.89 ,1 
119,1995,992.47 ,1 
119,1996,995.36 ,1 
119,1997,999.03 ,1 
119,1998,1002.30 ,1 
119,1999,1006.20 ,1 
119,2000,1009.30 ,1 
119,2001,1010.50 ,1 
119,2002,1009.90 ,1 
119,2003,1009.80 ,1 
119,2004,1011.60 ,1 
119,2005,1013.40 ,1 
119,2006,1016.60 ,1 
119,2007,1020.20 ,1 
119,2008,1021.60 ,1 
119,2009,1017.50 ,1 
119,2010,1018.70 ,1 
120,1960,927.76 ,1 
120,1961,933.05 ,1 
120,1962,935.02 ,1 
120,1963,937.98 ,1 
120,1964,942.11 ,1 
120,1965,946.48 ,1 
120,1966,949.40 ,1 
120,1967,954.63 ,1 
120,1968,956.03 ,1 
120,1969,959.62 ,1 
120,1970,960.87 ,1 
120,1971,965.64 ,1 
120,1972,970.00 ,1 
120,1973,973.69 ,1 
120,1974,976.81 ,1 
120,1975,981.17 ,1 
120,1976,986.33 ,1 
120,1977,989.96 ,1 
120,1978,993.36 ,1 
120,1979,997.28 ,1 
120,1980,1001.40 ,1 
120,1981,1002.60 ,1 
120,1982,1002.30 ,1 
120,1983,1005.80 ,1 
120,1984,1011.20 ,1 
120,1985,1016.10 ,1 
120,1986,1019.70 ,1 
120,1987,1021.00 ,1 
120,1988,1020.30 ,1 
120,1989,1020.90 ,1 
120,1990,1022.50 ,1 
120,1991,1025.10 ,1 
120,1992,1027.90 ,1 
120,1993,1030.10 ,1 
120,1994,1034.50 ,1 
120,1995,1038.00 ,1 
120,1996,1042.50 ,1 
120,1997,1047.20 ,1 
120,1998,1049.30 ,1 
120,1999,1050.60 ,1 
120,2000,1053.10 ,1 
120,2001,1054.60 ,1 
120,2002,1055.60 ,1 
120,2003,1055.90 ,1 
120,2004,1059.20 ,1 
120,2005,1061.10 ,1 
120,2006,1062.70 ,1 
120,2007,1064.30 ,1 
120,2008,1063.10 ,1 
120,2009,1060.20 ,1 
120,2010,1059.60 ,1 
121,1960,493.51 ,0 
121,1961,493.59 ,0 
121,1962,493.64 ,0 
121,1963,493.63 ,0 
121,1964,498.96 ,0 
121,1965,495.75 ,0 
121,1966,500.51 ,0 
121,1967,496.82 ,0 
121,1968,495.35 ,0 
121,1969,497.53 ,0 
121,1970,497.85 ,0 
121,1971,494.39 ,0 
121,1972,495.17 ,0 
121,1973,492.38 ,0 
121,1974,496.19 ,0 
121,1975,495.30 ,0 
121,1976,497.26 ,0 
121,1977,497.88 ,0 
121,1978,499.83 ,0 
121,1979,499.81 ,0 
121,1980,495.10 ,0 
121,1981,500.75 ,0 
121,1982,502.09 ,0 
121,1983,496.70 ,0 
121,1984,503.57 ,0 
121,1985,507.17 ,0 
121,1986,509.27 ,0 
121,1987,508.58 ,0 
121,1988,513.62 ,0 
121,1989,515.47 ,0 
121,1990,517.57 ,0 
121,1991,521.30 ,1 
121,1992,522.85 ,1 
121,1993,524.15 ,1 
121,1994,529.56 ,1 
121,1995,530.48 ,1 
121,1996,533.19 ,1 
121,1997,535.64 ,1 
121,1998,536.16 ,1 
121,1999,538.06 ,1 
121,2000,541.68 ,1 
121,2001,544.03 ,1 
121,2002,541.84 ,0 
121,2003,543.46 ,0 
121,2004,545.87 ,0 
121,2005,547.20 ,0 
121,2006,548.50 ,1 
121,2007,549.94 ,1 
121,2008,554.01 ,1 
121,2009,556.51 ,1 
121,2010,559.20 ,1 
123,1960,687.37 ,0 
123,1961,686.18 ,0 
123,1962,702.17 ,0 
123,1963,704.14 ,0 
123,1964,701.68 ,0 
123,1965,699.53 ,0 
123,1966,701.92 ,0 
123,1967,749.95 ,0 
123,1968,806.83 ,0 
123,1969,826.55 ,0 
123,1970,836.22 ,0 
123,1971,833.57 ,0 
123,1972,839.20 ,0 
123,1973,819.79 ,0 
123,1974,826.28 ,0 
123,1975,843.34 ,0 
123,1976,856.88 ,0 
123,1977,852.49 ,0 
123,1978,843.16 ,0 
123,1979,841.76 ,0 
123,1980,841.97 ,0 
123,1981,852.07 ,0 
123,1982,857.44 ,0 
123,1983,867.45 ,0 
123,1984,877.81 ,0 
123,1985,886.22 ,0 
123,1986,883.94 ,0 
123,1987,876.58 ,0 
123,1988,878.70 ,0 
123,1989,886.09 ,0 
123,1990,882.07 ,0 
123,1991,883.83 ,0 
123,1992,887.67 ,0 
123,1993,889.58 ,0 
123,1994,890.15 ,0 
123,1995,892.79 ,0 
123,1996,894.60 ,0 
123,1997,900.12 ,0 
123,1998,902.88 ,0 
123,1999,902.92 ,0 
123,2000,907.97 ,0 
123,2001,914.52 ,0 
123,2002,916.02 ,0 
123,2003,914.89 ,0 
123,2004,916.44 ,0 
123,2005,918.23 ,0 
123,2006,921.10 ,0 
123,2007,924.88 ,0 
123,2008,934.01 ,0 
123,2009,932.29 ,0 
123,2010,932.29 ,0 
124,1960,523.36 ,0 
124,1961,526.78 ,0 
124,1962,528.72 ,0 
124,1963,534.56 ,0 
124,1964,539.33 ,0 
124,1965,546.68 ,0 
124,1966,549.71 ,0 
124,1967,552.35 ,0 
124,1968,556.67 ,0 
124,1969,559.34 ,0 
124,1970,567.38 ,0 
124,1971,565.10 ,0 
124,1972,563.14 ,1 
124,1973,567.13 ,1 
124,1974,567.70 ,1 
124,1975,568.83 ,1 
124,1976,570.76 ,1 
124,1977,571.47 ,0 
124,1978,575.97 ,0 
124,1979,576.36 ,0 
124,1980,582.73 ,0 
124,1981,586.94 ,0 
124,1982,589.85 ,0 
124,1983,592.97 ,0 
124,1984,594.49 ,0 
124,1985,598.43 ,0 
124,1986,600.45 ,0 
124,1987,603.41 ,0 
124,1988,607.56 ,1 
124,1989,609.33 ,1 
124,1990,610.76 ,1 
124,1991,612.94 ,1 
124,1992,617.76 ,1 
124,1993,616.97 ,1 
124,1994,618.12 ,1 
124,1995,620.40 ,1 
124,1996,622.50 ,1 
124,1997,620.86 ,1 
124,1998,620.76 ,1 
124,1999,621.88 ,0 
124,2000,623.77 ,0 
124,2001,623.66 ,0 
124,2002,624.92 ,0 
124,2003,627.85 ,0 
124,2004,633.20 ,0 
124,2005,638.82 ,0 
124,2006,643.02 ,0 
124,2007,646.75 ,0 
124,2008,646.53 ,1 
124,2009,648.25 ,1 
124,2010,650.51 ,1 
125,1960,744.45 ,1 
125,1961,751.76 ,1 
125,1962,756.88 ,1 
125,1963,762.05 ,1 
125,1964,763.56 ,1 
125,1965,769.36 ,1 
125,1966,773.67 ,1 
125,1967,778.95 ,1 
125,1968,782.73 ,0 
125,1969,788.02 ,0 
125,1970,791.38 ,0 
125,1971,797.81 ,0 
125,1972,799.56 ,0 
125,1973,802.15 ,0 
125,1974,801.92 ,0 
125,1975,800.90 ,0 
125,1976,799.97 ,0 
125,1977,798.60 ,0 
125,1978,805.42 ,0 
125,1979,807.42 ,0 
125,1980,806.16 ,0 
125,1981,812.68 ,0 
125,1982,815.65 ,0 
125,1983,808.87 ,0 
125,1984,809.40 ,0 
125,1985,812.10 ,0 
125,1986,813.52 ,0 
125,1987,809.63 ,0 
125,1988,793.22 ,0 
125,1989,792.72 ,0 
125,1990,798.46 ,0 
125,1991,805.41 ,0 
125,1992,811.23 ,0 
125,1993,814.49 ,0 
125,1994,815.25 ,1 
125,1995,814.95 ,1 
125,1996,815.69 ,1 
125,1997,819.94 ,1 
125,1998,825.04 ,1 
125,1999,826.91 ,1 
125,2000,827.66 ,1 
125,2001,826.34 ,1 
125,2002,826.69 ,1 
125,2003,828.99 ,1 
125,2004,834.45 ,1 
125,2005,839.64 ,1 
125,2006,846.10 ,1 
125,2007,855.85 ,1 
125,2008,864.39 ,1 
125,2009,865.14 ,1 
125,2010,868.28 ,1 
126,1960,740.69 ,1 
126,1961,744.93 ,1 
126,1962,750.05 ,0 
126,1963,750.80 ,1 
126,1964,754.30 ,1 
126,1965,756.26 ,1 
126,1966,761.49 ,1 
126,1967,762.39 ,1 
126,1968,759.96 ,0 
126,1969,760.91 ,0 
126,1970,763.80 ,0 
126,1971,765.11 ,0 
126,1972,765.16 ,0 
126,1973,767.62 ,0 
126,1974,773.71 ,0 
126,1975,774.32 ,0 
126,1976,773.54 ,0 
126,1977,771.24 ,0 
126,1978,768.86 ,0 
126,1979,771.89 ,0 
126,1980,772.37 ,1 
126,1981,776.83 ,1 
126,1982,773.82 ,1 
126,1983,758.91 ,1 
126,1984,761.66 ,1 
126,1985,762.14 ,1 
126,1986,769.42 ,1 
126,1987,774.89 ,1 
126,1988,763.62 ,1 
126,1989,749.05 ,1 
126,1990,741.71 ,1 
126,1991,741.86 ,1 
126,1992,739.50 ,0 
126,1993,742.28 ,1 
126,1994,752.52 ,1 
126,1995,758.98 ,1 
126,1996,759.72 ,1 
126,1997,764.65 ,1 
126,1998,762.33 ,1 
126,1999,761.66 ,1 
126,2000,763.07 ,1 
126,2001,761.88 ,1 
126,2002,765.45 ,1 
126,2003,768.14 ,1 
126,2004,771.80 ,1 
126,2005,777.25 ,1 
126,2006,783.59 ,1 
126,2007,791.05 ,1 
126,2008,799.35 ,1 
126,2009,799.13 ,1 
126,2010,806.48 ,1 
127,1960,653.91 ,1 
127,1961,656.04 ,1 
127,1962,657.38 ,1 
127,1963,660.93 ,1 
127,1964,661.11 ,1 
127,1965,663.11 ,0 
127,1966,664.40 ,0 
127,1967,666.62 ,0 
127,1968,668.53 ,0 
127,1969,670.19 ,0 
127,1970,671.01 ,0 
127,1971,673.42 ,0 
127,1972,675.86 ,0 
127,1973,681.55 ,0 
127,1974,682.20 ,0 
127,1975,684.78 ,0 
127,1976,690.39 ,0 
127,1977,693.03 ,0 
127,1978,695.26 ,0 
127,1979,697.94 ,0 
127,1980,700.16 ,0 
127,1981,700.73 ,0 
127,1982,701.50 ,0 
127,1983,700.58 ,0 
127,1984,690.22 ,0 
127,1985,679.90 ,0 
127,1986,680.55 ,0 
127,1987,682.09 ,1 
127,1988,685.99 ,1 
127,1989,689.43 ,1 
127,1990,689.91 ,1 
127,1991,686.90 ,1 
127,1992,684.87 ,1 
127,1993,684.65 ,1 
127,1994,686.66 ,1 
127,1995,688.96 ,1 
127,1996,692.39 ,1 
127,1997,695.22 ,1 
127,1998,692.44 ,1 
127,1999,693.30 ,1 
127,2000,695.47 ,1 
127,2001,696.21 ,1 
127,2002,697.70 ,1 
127,2003,700.51 ,1 
127,2004,705.01 ,1 
127,2005,707.78 ,1 
127,2006,711.07 ,1 
127,2007,715.73 ,1 
127,2008,718.10 ,1 
127,2009,717.56 ,1 
127,2010,723.23 ,1 
131,1960,777.01 ,0 
131,1961,781.59 ,0 
131,1962,787.27 ,0 
131,1963,792.58 ,0 
131,1964,798.64 ,0 
131,1965,806.25 ,0 
131,1966,811.00 ,0 
131,1967,818.91 ,0 
131,1968,827.84 ,0 
131,1969,830.84 ,0 
131,1970,843.60 ,0 
131,1971,850.45 ,0 
131,1972,858.31 ,0 
131,1973,868.90 ,0 
131,1974,868.64 ,0 
131,1975,860.39 ,0 
131,1976,864.22 ,1 
131,1977,868.61 ,1 
131,1978,870.31 ,1 
131,1979,874.72 ,1 
131,1980,878.13 ,1 
131,1981,878.87 ,1 
131,1982,880.37 ,1 
131,1983,879.73 ,1 
131,1984,877.45 ,1 
131,1985,879.95 ,1 
131,1986,883.91 ,1 
131,1987,890.13 ,1 
131,1988,897.45 ,1 
131,1989,903.84 ,1 
131,1990,907.93 ,1 
131,1991,912.36 ,1 
131,1992,913.42 ,1 
131,1993,911.23 ,1 
131,1994,911.98 ,1 
131,1995,915.91 ,1 
131,1996,919.26 ,1 
131,1997,923.24 ,1 
131,1998,927.87 ,1 
131,1999,931.44 ,1 
131,2000,934.76 ,1 
131,2001,936.06 ,1 
131,2002,936.09 ,1 
131,2003,934.48 ,1 
131,2004,935.44 ,1 
131,2005,935.76 ,1 
131,2006,936.87 ,1 
131,2007,938.98 ,1 
131,2008,938.84 ,1 
131,2009,935.80 ,1 
131,2010,937.12 ,1 
132,1960,649.66 ,0 
132,1961,653.84 ,0 
132,1962,652.53 ,0 
132,1963,653.67 ,0 
132,1964,654.82 ,0 
132,1965,657.38 ,0 
132,1966,655.86 ,0 
132,1967,661.35 ,0 
132,1968,661.78 ,0 
132,1969,663.22 ,0 
132,1970,665.44 ,0 
132,1971,668.28 ,0 
132,1972,672.12 ,0 
132,1973,676.68 ,0 
132,1974,682.19 ,0 
132,1975,685.87 ,0 
132,1976,690.15 ,0 
132,1977,697.98 ,0 
132,1978,706.13 ,0 
132,1979,714.20 ,0 
132,1980,725.24 ,0 
132,1981,730.56 ,0 
132,1982,723.84 ,0 
132,1983,717.80 ,0 
132,1984,717.88 ,0 
132,1985,718.86 ,0 
132,1986,716.00 ,0 
132,1987,717.43 ,0 
132,1988,720.84 ,0 
132,1989,723.78 ,0 
132,1990,724.19 ,0 
132,1991,724.06 ,0 
132,1992,724.92 ,0 
132,1993,726.32 ,1 
132,1994,727.60 ,1 
132,1995,730.58 ,1 
132,1996,728.72 ,1 
132,1997,729.46 ,1 
132,1998,727.88 ,1 
132,1999,724.27 ,1 
132,2000,718.79 ,1 
132,2001,718.79 ,1 
132,2002,716.73 ,1 
132,2003,718.52 ,1 
132,2004,720.64 ,1 
132,2005,721.57 ,1 
132,2006,723.94 ,1 
132,2007,728.66 ,1 
132,2008,732.53 ,1 
132,2009,726.83 ,1 
132,2010,739.09 ,1 
136,1960,541.80 ,0 
136,1961,534.39 ,0 
136,1962,542.12 ,0 
136,1963,528.78 ,0 
136,1964,512.46 ,0 
136,1965,516.22 ,0 
136,1966,519.99 ,0 
136,1967,523.66 ,0 
136,1968,527.41 ,0 
136,1969,534.80 ,0 
136,1970,537.56 ,0 
136,1971,535.66 ,0 
136,1972,532.81 ,0 
136,1973,533.04 ,0 
136,1974,531.25 ,0 
136,1975,525.88 ,0 
136,1976,540.41 ,0 
136,1977,539.07 ,0 
136,1978,544.50 ,0 
136,1979,552.40 ,0 
136,1980,557.68 ,0 
136,1981,559.85 ,0 
136,1982,558.71 ,0 
136,1983,561.54 ,0 
136,1984,553.90 ,0 
136,1985,554.50 ,0 
136,1986,555.40 ,0 
136,1987,550.52 ,0 
136,1988,550.71 ,0 
136,1989,548.32 ,0 
136,1990,546.11 ,0 
136,1991,546.97 ,0 
136,1992,558.96 ,0 
136,1993,558.04 ,0 
136,1994,494.01 ,0 
136,1995,525.58 ,0 
136,1996,533.46 ,0 
136,1997,538.27 ,0 
136,1998,536.99 ,0 
136,1999,535.49 ,0 
136,2000,536.71 ,0 
136,2001,540.53 ,0 
136,2002,548.18 ,0 
136,2003,548.51 ,0 
136,2004,553.95 ,0 
136,2005,560.73 ,0 
136,2006,566.96 ,0 
136,2007,569.51 ,0 
136,2008,577.15 ,0 
136,2009,578.14 ,0 
136,2010,582.38 ,0 
138,1960,566.05 ,0 
138,1961,563.71 ,0 
138,1962,568.02 ,0 
138,1963,562.76 ,0 
138,1964,559.25 ,0 
138,1965,563.41 ,1 
138,1966,557.37 ,1 
138,1967,556.36 ,1 
138,1968,555.82 ,1 
138,1969,554.63 ,0 
138,1970,557.69 ,0 
138,1971,557.11 ,0 
138,1972,548.99 ,0 
138,1973,546.62 ,0 
138,1974,554.40 ,0 
138,1975,565.91 ,0 
138,1976,578.21 ,0 
138,1977,581.13 ,0 
138,1978,571.87 ,0 
138,1979,563.52 ,0 
138,1980,561.78 ,0 
138,1981,565.62 ,0 
138,1982,568.05 ,0 
138,1983,566.79 ,0 
138,1984,558.54 ,0 
138,1985,549.20 ,0 
138,1986,551.89 ,1 
138,1987,562.83 ,1 
138,1988,560.25 ,1 
138,1989,566.54 ,0 
138,1990,558.56 ,0 
138,1991,563.32 ,0 
138,1992,567.12 ,0 
138,1993,568.97 ,0 
138,1994,567.34 ,0 
138,1995,570.57 ,0 
138,1996,573.74 ,0 
138,1997,581.21 ,0 
138,1998,582.89 ,0 
138,1999,583.46 ,0 
138,2000,589.09 ,0 
138,2001,592.71 ,0 
138,2002,595.64 ,0 
138,2003,600.25 ,0 
138,2004,599.72 ,0 
138,2005,603.47 ,0 
138,2006,611.70 ,0 
138,2007,618.86 ,0 
138,2008,622.93 ,0 
138,2009,624.28 ,0 
138,2010,626.14 ,0 
139,1960,642.20 ,0 
139,1961,642.46 ,0 
139,1962,639.61 ,0 
139,1963,638.68 ,0 
139,1964,639.64 ,0 
139,1965,638.02 ,0 
139,1966,637.84 ,0 
139,1967,633.53 ,0 
139,1968,636.51 ,0 
139,1969,626.56 ,0 
139,1970,631.58 ,0 
139,1971,628.20 ,0 
139,1972,631.13 ,0 
139,1973,622.19 ,0 
139,1974,623.27 ,0 
139,1975,627.70 ,0 
139,1976,633.64 ,0 
139,1977,628.48 ,0 
139,1978,622.08 ,0 
139,1979,626.44 ,0 
139,1980,620.56 ,0 
139,1981,622.85 ,0 
139,1982,627.65 ,0 
139,1983,619.34 ,0 
139,1984,620.12 ,0 
139,1985,620.41 ,0 
139,1986,620.51 ,0 
139,1987,623.42 ,0 
139,1988,619.81 ,0 
139,1989,620.69 ,0 
139,1990,617.01 ,0 
139,1991,616.54 ,0 
139,1992,614.80 ,0 
139,1993,613.17 ,0 
139,1994,610.31 ,0 
139,1995,612.80 ,0 
139,1996,612.17 ,0 
139,1997,612.70 ,0 
139,1998,615.94 ,0 
139,1999,619.58 ,0 
139,2000,620.17 ,1 
139,2001,622.02 ,1 
139,2002,620.00 ,1 
139,2003,623.74 ,1 
139,2004,626.76 ,1 
139,2005,629.53 ,1 
139,2006,629.32 ,1 
139,2007,631.37 ,1 
139,2008,632.32 ,1 
139,2009,631.71 ,1 
139,2010,633.10 ,1 
140,1960,772.00 ,0 
140,1961,781.60 ,0 
140,1962,778.78 ,0 
140,1963,784.77 ,0 
140,1964,782.74 ,0 
140,1965,793.32 ,0 
140,1966,801.16 ,0 
140,1967,810.47 ,0 
140,1968,821.48 ,0 
140,1969,832.75 ,0 
140,1970,844.13 ,0 
140,1971,853.68 ,0 
140,1972,864.50 ,0 
140,1973,873.13 ,0 
140,1974,877.57 ,0 
140,1975,880.45 ,0 
140,1976,886.27 ,0 
140,1977,892.08 ,0 
140,1978,899.16 ,0 
140,1979,906.88 ,0 
140,1980,915.20 ,0 
140,1981,920.58 ,0 
140,1982,923.11 ,0 
140,1983,930.06 ,0 
140,1984,936.63 ,0 
140,1985,935.83 ,0 
140,1986,937.22 ,0 
140,1987,945.93 ,0 
140,1988,953.90 ,0 
140,1989,960.70 ,0 
140,1990,966.44 ,0 
140,1991,969.88 ,0 
140,1992,973.67 ,0 
140,1993,982.00 ,0 
140,1994,988.92 ,0 
140,1995,992.91 ,0 
140,1996,996.30 ,0 
140,1997,1001.20 ,0 
140,1998,995.62 ,0 
140,1999,1000.90 ,0 
140,2000,1007.80 ,0 
140,2001,1003.90 ,0 
140,2002,1007.10 ,0 
140,2003,1013.10 ,0 
140,2004,1020.70 ,0 
140,2005,1025.40 ,0 
140,2006,1030.70 ,0 
140,2007,1034.90 ,0 
140,2008,1031.10 ,0 
140,2009,1027.30 ,0 
140,2010,1039.00 ,0 
142,1960,540.88 ,1 
142,1961,541.09 ,1 
142,1962,543.93 ,1 
142,1963,543.98 ,1 
142,1964,548.79 ,1 
142,1965,554.04 ,1 
142,1966,554.00 ,1 
142,1967,552.27 ,0 
142,1968,552.49 ,0 
142,1969,558.88 ,0 
142,1970,565.35 ,0 
142,1971,566.96 ,0 
142,1972,566.04 ,0 
142,1973,566.43 ,0 
142,1974,567.99 ,0 
142,1975,567.70 ,0 
142,1976,565.23 ,0 
142,1977,563.21 ,0 
142,1978,563.47 ,0 
142,1979,565.73 ,0 
142,1980,568.27 ,0 
142,1981,568.94 ,0 
142,1982,571.48 ,0 
142,1983,567.17 ,0 
142,1984,568.85 ,0 
142,1985,560.89 ,0 
142,1986,559.36 ,0 
142,1987,563.44 ,0 
142,1988,553.39 ,0 
142,1989,552.01 ,0 
142,1990,554.05 ,0 
142,1991,556.02 ,0 
142,1992,535.33 ,0 
142,1993,537.53 ,0 
142,1994,536.37 ,0 
142,1995,528.46 ,0 
142,1996,533.34 ,1 
142,1997,514.63 ,0 
142,1998,512.77 ,0 
142,1999,502.43 ,0 
142,2000,503.36 ,0 
142,2001,516.24 ,1 
142,2002,535.93 ,1 
142,2003,539.95 ,1 
142,2004,542.61 ,1 
142,2005,545.55 ,1 
142,2006,549.26 ,1 
142,2007,552.71 ,1 
142,2008,555.68 ,1 
142,2009,556.59 ,1 
142,2010,559.22 ,1 
143,1960,727.85 ,0 
143,1961,728.26 ,0 
143,1962,736.38 ,0 
143,1963,737.38 ,0 
143,1964,743.12 ,0 
143,1965,745.26 ,0 
143,1966,749.20 ,0 
143,1967,751.61 ,0 
143,1968,752.00 ,0 
143,1969,752.68 ,0 
143,1970,752.91 ,0 
143,1971,754.04 ,0 
143,1972,757.39 ,0 
143,1973,759.62 ,0 
143,1974,762.42 ,0 
143,1975,763.02 ,0 
143,1976,765.80 ,0 
143,1977,770.32 ,0 
143,1978,773.59 ,0 
143,1979,767.53 ,0 
143,1980,753.33 ,0 
143,1981,740.73 ,0 
143,1982,732.76 ,1 
143,1983,732.90 ,1 
143,1984,732.90 ,1 
143,1985,732.20 ,1 
143,1986,731.11 ,1 
143,1987,732.34 ,1 
143,1988,732.93 ,1 
143,1989,732.57 ,1 
143,1990,735.89 ,1 
143,1991,737.90 ,1 
143,1992,743.61 ,1 
143,1993,749.18 ,1 
143,1994,753.64 ,1 
143,1995,758.61 ,1 
143,1996,759.30 ,1 
143,1997,762.64 ,1 
143,1998,765.65 ,1 
143,1999,768.48 ,1 
143,2000,770.12 ,1 
143,2001,771.38 ,1 
143,2002,773.33 ,1 
143,2003,775.26 ,1 
143,2004,776.76 ,1 
143,2005,779.90 ,1 
143,2006,783.34 ,1 
143,2007,786.68 ,1 
143,2008,787.47 ,1 
143,2009,783.79 ,1 
143,2010,784.68 ,1 
147,1960,933.79 ,1 
147,1961,938.84 ,1 
147,1962,942.46 ,1 
147,1963,947.09 ,1 
147,1964,952.94 ,1 
147,1965,955.75 ,1 
147,1966,956.87 ,1 
147,1967,959.41 ,1 
147,1968,962.42 ,1 
147,1969,966.61 ,1 
147,1970,971.54 ,1 
147,1971,971.79 ,1 
147,1972,973.76 ,1 
147,1973,977.48 ,1 
147,1974,980.34 ,1 
147,1975,982.46 ,1 
147,1976,983.15 ,1 
147,1977,981.19 ,1 
147,1978,982.63 ,1 
147,1979,986.18 ,1 
147,1980,987.66 ,1 
147,1981,987.34 ,1 
147,1982,988.47 ,1 
147,1983,990.22 ,1 
147,1984,994.31 ,1 
147,1985,996.31 ,1 
147,1986,998.90 ,1 
147,1987,1002.00 ,1 
147,1988,1004.10 ,1 
147,1989,1006.20 ,1 
147,1990,1006.40 ,1 
147,1991,1004.60 ,1 
147,1992,1002.80 ,1 
147,1993,1000.20 ,1 
147,1994,1003.40 ,1 
147,1995,1006.70 ,1 
147,1996,1008.20 ,1 
147,1997,1010.80 ,1 
147,1998,1014.90 ,1 
147,1999,1019.30 ,1 
147,2000,1023.50 ,1 
147,2001,1024.50 ,1 
147,2002,1026.60 ,1 
147,2003,1028.60 ,1 
147,2004,1032.30 ,1 
147,2005,1035.00 ,1 
147,2006,1038.70 ,1 
147,2007,1041.20 ,1 
147,2008,1039.80 ,1 
147,2009,1033.70 ,1 
147,2010,1038.30 ,1 
150,1960,617.90 ,0 
150,1961,624.95 ,0 
150,1962,643.63 ,0 
150,1963,631.32 ,0 
150,1964,636.90 ,0 
150,1965,635.85 ,0 
150,1966,624.53 ,0 
150,1967,629.10 ,0 
150,1968,629.38 ,0 
150,1969,643.18 ,0 
150,1970,635.90 ,0 
150,1971,641.95 ,0 
150,1972,660.87 ,0 
150,1973,648.52 ,0 
150,1974,666.75 ,0 
150,1975,681.23 ,0 
150,1976,688.32 ,0 
150,1977,683.77 ,0 
150,1978,688.85 ,0 
150,1979,689.10 ,0 
150,1980,697.03 ,0 
150,1981,702.66 ,0 
150,1982,701.26 ,0 
150,1983,699.19 ,0 
150,1984,691.61 ,0 
150,1985,694.23 ,0 
150,1986,685.94 ,0 
150,1987,684.72 ,0 
150,1988,694.14 ,0 
150,1989,681.77 ,0 
150,1990,686.19 ,0 
150,1991,690.86 ,0 
150,1992,700.60 ,0 
150,1993,702.82 ,0 
150,1994,707.47 ,0 
150,1995,710.48 ,0 
150,1996,712.36 ,0 
150,1997,711.84 ,0 
150,1998,715.70 ,0 
150,1999,709.66 ,0 
150,2000,709.73 ,0 
150,2001,711.93 ,0 
150,2002,714.62 ,0 
150,2003,712.16 ,0 
150,2004,715.93 ,0 
150,2005,719.32 ,0 
150,2006,722.18 ,0 
150,2007,725.70 ,0 
150,2008,728.09 ,0 
150,2009,731.90 ,0 
150,2010,733.03 ,0 
151,1960,553.71 ,0 
151,1961,552.98 ,0 
151,1962,556.05 ,0 
151,1963,552.27 ,0 
151,1964,547.57 ,0 
151,1965,546.04 ,0 
151,1966,542.13 ,0 
151,1967,540.84 ,0 
151,1968,538.30 ,0 
151,1969,542.82 ,0 
151,1970,542.43 ,0 
151,1971,537.82 ,0 
151,1972,536.53 ,0 
151,1973,525.34 ,0 
151,1974,527.82 ,0 
151,1975,534.21 ,0 
151,1976,535.06 ,0 
151,1977,535.27 ,0 
151,1978,532.84 ,0 
151,1979,506.71 ,0 
151,1980,498.36 ,0 
151,1981,497.18 ,0 
151,1982,500.07 ,0 
151,1983,512.20 ,0 
151,1984,511.63 ,0 
151,1985,528.59 ,0 
151,1986,521.49 ,0 
151,1987,516.00 ,0 
151,1988,527.24 ,0 
151,1989,528.84 ,0 
151,1990,521.46 ,0 
151,1991,526.60 ,0 
151,1992,531.27 ,0 
151,1993,511.17 ,0 
151,1994,517.79 ,0 
151,1995,515.94 ,0 
151,1996,515.03 ,0 
151,1997,517.39 ,0 
151,1998,520.93 ,0 
151,1999,516.95 ,0 
151,2000,512.66 ,0 
151,2001,520.16 ,0 
151,2002,524.70 ,0 
151,2003,534.84 ,0 
151,2004,560.39 ,0 
151,2005,573.14 ,0 
151,2006,570.34 ,0 
151,2007,567.72 ,0 
151,2008,564.64 ,0 
151,2009,560.40 ,0 
151,2010,562.00 ,0 
152,1960,520.03 ,0 
152,1961,530.51 ,0 
152,1962,533.33 ,0 
152,1963,537.11 ,0 
152,1964,548.70 ,0 
152,1965,560.39 ,0 
152,1966,565.69 ,0 
152,1967,566.63 ,0 
152,1968,566.84 ,0 
152,1969,572.71 ,0 
152,1970,571.38 ,0 
152,1971,568.19 ,0 
152,1972,572.82 ,0 
152,1973,574.21 ,0 
152,1974,576.74 ,0 
152,1975,577.00 ,0 
152,1976,572.82 ,0 
152,1977,577.51 ,0 
152,1978,585.85 ,0 
152,1979,578.16 ,0 
152,1980,589.03 ,0 
152,1981,582.55 ,0 
152,1982,575.50 ,0 
152,1983,566.38 ,0 
152,1984,568.25 ,0 
152,1985,570.25 ,0 
152,1986,568.54 ,0 
152,1987,565.87 ,0 
152,1988,569.28 ,0 
152,1989,570.47 ,0 
152,1990,567.71 ,0 
152,1991,564.78 ,0 
152,1992,558.75 ,0 
152,1993,540.44 ,0 
152,1994,552.24 ,0 
152,1995,557.24 ,0 
152,1996,562.74 ,0 
152,1997,572.89 ,0 
152,1998,567.15 ,0 
152,1999,566.31 ,0 
152,2000,562.50 ,0 
152,2001,559.59 ,0 
152,2002,561.14 ,0 
152,2003,561.47 ,0 
152,2004,562.17 ,0 
152,2005,561.10 ,0 
152,2006,562.85 ,0 
152,2007,562.91 ,0 
152,2008,563.10 ,0 
152,2009,564.13 ,0 
152,2010,565.33 ,0 
153,1960,577.11 ,0 
153,1961,579.32 ,0 
153,1962,583.57 ,0 
153,1963,588.22 ,0 
153,1964,591.78 ,0 
153,1965,596.60 ,0 
153,1966,604.11 ,0 
153,1967,609.36 ,0 
153,1968,614.18 ,0 
153,1969,617.56 ,0 
153,1970,625.43 ,0 
153,1971,627.30 ,0 
153,1972,628.62 ,0 
153,1973,635.57 ,0 
153,1974,637.24 ,1 
153,1975,639.51 ,1 
153,1976,645.97 ,0 
153,1977,653.02 ,0 
153,1978,660.57 ,1 
153,1979,663.64 ,1 
153,1980,666.57 ,1 
153,1981,670.27 ,1 
153,1982,673.52 ,1 
153,1983,677.04 ,1 
153,1984,680.73 ,1 
153,1985,683.38 ,1 
153,1986,686.85 ,1 
153,1987,694.03 ,1 
153,1988,704.68 ,1 
153,1989,714.55 ,1 
153,1990,723.74 ,1 
153,1991,730.84 ,0 
153,1992,737.73 ,1 
153,1993,744.89 ,1 
153,1994,752.73 ,1 
153,1995,760.68 ,1 
153,1996,765.40 ,1 
153,1997,762.90 ,1 
153,1998,750.61 ,1 
153,1999,753.76 ,1 
153,2000,757.21 ,1 
153,2001,758.18 ,1 
153,2002,762.21 ,1 
153,2003,767.99 ,1 
153,2004,773.09 ,1 
153,2005,776.63 ,1 
153,2006,780.73 ,0 
153,2007,784.88 ,0 
153,2008,786.64 ,1 
153,2009,783.65 ,1 
153,2010,790.56 ,1 
157,1960,811.44 ,1 
157,1961,822.80 ,1 
157,1962,824.27 ,1 
157,1963,828.79 ,1 
157,1964,835.19 ,1 
157,1965,834.70 ,1 
157,1966,837.19 ,1 
157,1967,837.51 ,1 
157,1968,840.82 ,1 
157,1969,841.89 ,1 
157,1970,844.03 ,1 
157,1971,844.03 ,1 
157,1972,848.85 ,1 
157,1973,849.80 ,1 
157,1974,852.81 ,1 
157,1975,853.38 ,1 
157,1976,858.53 ,1 
157,1977,866.06 ,1 
157,1978,874.26 ,1 
157,1979,876.33 ,1 
157,1980,884.62 ,1 
157,1981,887.36 ,1 
157,1982,889.47 ,1 
157,1983,877.99 ,1 
157,1984,870.43 ,1 
157,1985,864.86 ,1 
157,1986,860.48 ,1 
157,1987,855.04 ,1 
157,1988,850.45 ,1 
157,1989,849.07 ,1 
157,1990,849.94 ,1 
157,1991,851.87 ,1 
157,1992,849.44 ,1 
157,1993,847.18 ,1 
157,1994,849.93 ,1 
157,1995,853.13 ,1 
157,1996,856.42 ,1 
157,1997,858.57 ,1 
157,1998,865.59 ,1 
157,1999,869.46 ,1 
157,2000,875.01 ,1 
157,2001,878.64 ,1 
157,2002,885.99 ,1 
157,2003,899.13 ,1 
157,2004,906.39 ,1 
157,2005,911.66 ,1 
157,2006,923.68 ,1 
157,2007,927.97 ,1 
157,2008,929.94 ,1 
157,2009,925.98 ,1 
157,2010,925.73 ,1 
158,1960,653.88 ,0 
158,1961,653.88 ,0 
158,1962,656.88 ,0 
158,1963,666.28 ,0 
158,1964,668.97 ,0 
158,1965,669.37 ,0 
158,1966,670.60 ,0 
158,1967,668.64 ,0 
158,1968,676.49 ,0 
158,1969,679.16 ,0 
158,1970,681.84 ,0 
158,1971,690.31 ,0 
158,1972,705.00 ,0 
158,1973,702.57 ,0 
158,1974,708.41 ,0 
158,1975,713.21 ,0 
158,1976,718.48 ,0 
158,1977,719.30 ,0 
158,1978,722.86 ,0 
158,1979,726.51 ,0 
158,1980,731.00 ,0 
158,1981,733.72 ,0 
158,1982,730.60 ,0 
158,1983,732.60 ,0 
158,1984,736.22 ,0 
158,1985,738.67 ,0 
158,1986,734.06 ,0 
158,1987,738.01 ,0 
158,1988,735.86 ,0 
158,1989,736.31 ,0 
158,1990,741.54 ,0 
158,1991,743.38 ,0 
158,1992,748.85 ,0 
158,1993,749.06 ,0 
158,1994,750.38 ,0 
158,1995,751.11 ,0 
158,1996,756.55 ,0 
158,1997,760.47 ,0 
158,1998,764.04 ,0 
158,1999,768.58 ,0 
158,2000,771.66 ,0 
158,2001,775.25 ,0 
158,2002,775.83 ,0 
158,2003,780.56 ,0 
158,2004,785.41 ,0 
158,2005,788.37 ,0 
158,2006,792.89 ,0 
158,2007,798.00 ,0 
158,2008,801.41 ,0 
158,2009,803.40 ,0 
158,2010,805.99 ,0 
159,1960,736.68 ,0 
159,1961,735.26 ,1 
159,1962,738.15 ,1 
159,1963,744.36 ,1 
159,1964,747.29 ,1 
159,1965,747.76 ,1 
159,1966,756.15 ,1 
159,1967,758.61 ,1 
159,1968,763.05 ,1 
159,1969,764.93 ,1 
159,1970,765.96 ,1 
159,1971,769.20 ,0 
159,1972,774.16 ,0 
159,1973,775.15 ,1 
159,1974,778.39 ,1 
159,1975,783.13 ,1 
159,1976,790.93 ,1 
159,1977,792.15 ,1 
159,1978,791.51 ,1 
159,1979,788.71 ,1 
159,1980,784.01 ,0 
159,1981,786.45 ,0 
159,1982,787.61 ,0 
159,1983,790.14 ,1 
159,1984,794.39 ,1 
159,1985,796.42 ,1 
159,1986,801.20 ,1 
159,1987,808.38 ,1 
159,1988,808.88 ,1 
159,1989,807.43 ,1 
159,1990,814.55 ,1 
159,1991,813.55 ,1 
159,1992,816.77 ,1 
159,1993,822.46 ,1 
159,1994,816.03 ,1 
159,1995,821.98 ,1 
159,1996,827.48 ,1 
159,1997,833.19 ,1 
159,1998,833.91 ,1 
159,1999,828.96 ,1 
159,2000,834.03 ,1 
159,2001,826.74 ,1 
159,2002,831.33 ,1 
159,2003,835.11 ,1 
159,2004,842.71 ,1 
159,2005,849.44 ,1 
159,2006,854.77 ,1 
159,2007,857.99 ,1 
159,2008,857.33 ,1 
159,2009,851.09 ,1 
159,2010,858.46 ,1 
163,1960,833.86 ,1 
163,1961,835.03 ,1 
163,1962,832.20 ,1 
163,1963,831.17 ,1 
163,1964,832.44 ,1 
163,1965,832.40 ,1 
163,1966,834.37 ,1 
163,1967,829.65 ,1 
163,1968,830.63 ,1 
163,1969,835.60 ,1 
163,1970,837.38 ,1 
163,1971,836.82 ,1 
163,1972,835.38 ,0 
163,1973,835.64 ,0 
163,1974,838.42 ,0 
163,1975,844.12 ,0 
163,1976,847.59 ,0 
163,1977,848.49 ,0 
163,1978,853.07 ,0 
163,1979,858.39 ,0 
163,1980,863.39 ,0 
163,1981,864.28 ,0 
163,1982,853.36 ,0 
163,1983,841.87 ,0 
163,1984,840.08 ,0 
163,1985,840.89 ,1 
163,1986,848.70 ,1 
163,1987,855.76 ,1 
163,1988,856.60 ,1 
163,1989,857.05 ,1 
163,1990,856.67 ,1 
163,1991,859.45 ,1 
163,1992,866.36 ,1 
163,1993,868.25 ,1 
163,1994,874.54 ,1 
163,1995,872.37 ,1 
163,1996,877.42 ,1 
163,1997,884.99 ,1 
163,1998,888.87 ,1 
163,1999,886.45 ,1 
163,2000,884.14 ,1 
163,2001,879.99 ,1 
163,2002,871.94 ,1 
163,2003,872.89 ,1 
163,2004,877.83 ,1 
163,2005,884.90 ,1 
163,2006,888.65 ,1 
163,2007,894.71 ,1 
163,2008,901.33 ,1 
163,2009,903.90 ,1 
163,2010,911.67 ,1 
164,1960,952.60 ,1 
164,1961,953.21 ,1 
164,1962,957.60 ,1 
164,1963,960.46 ,1 
164,1964,964.71 ,1 
164,1965,969.67 ,1 
164,1966,974.81 ,1 
164,1967,976.19 ,1 
164,1968,979.88 ,1 
164,1969,981.96 ,1 
164,1970,980.99 ,1 
164,1971,983.13 ,1 
164,1972,987.43 ,1 
164,1973,992.22 ,1 
164,1974,990.78 ,1 
164,1975,989.60 ,1 
164,1976,993.93 ,1 
164,1977,997.46 ,1 
164,1978,1001.90 ,1 
164,1979,1003.90 ,1 
164,1980,1002.60 ,1 
164,1981,1004.10 ,1 
164,1982,1001.20 ,1 
164,1983,1004.70 ,1 
164,1984,1010.80 ,1 
164,1985,1013.90 ,1 
164,1986,1016.40 ,1 
164,1987,1018.60 ,1 
164,1988,1021.70 ,1 
164,1989,1024.30 ,1 
164,1990,1025.00 ,1 
164,1991,1023.40 ,1 
164,1992,1025.30 ,1 
164,1993,1026.80 ,1 
164,1994,1029.70 ,1 
164,1995,1031.00 ,1 
164,1996,1033.50 ,1 
164,1997,1036.70 ,1 
164,1998,1040.00 ,1 
164,1999,1043.60 ,1 
164,2000,1046.50 ,1 
164,2001,1046.60 ,1 
164,2002,1047.50 ,1 
164,2003,1049.10 ,1 
164,2004,1051.70 ,1 
164,2005,1053.80 ,1 
164,2006,1055.50 ,1 
164,2007,1056.50 ,1 
164,2008,1055.50 ,1 
164,2009,1051.10 ,1 
164,2010,1053.20 ,1 
167,1960,860.11 ,1 
167,1961,859.48 ,1 
167,1962,863.94 ,1 
167,1963,864.12 ,1 
167,1964,871.11 ,1 
167,1965,871.74 ,1 
167,1966,869.90 ,1 
167,1967,869.44 ,1 
167,1968,873.29 ,1 
167,1969,870.75 ,1 
167,1970,874.87 ,1 
167,1971,872.98 ,1 
167,1972,870.85 ,1 
167,1973,874.28 ,1 
167,1974,872.86 ,1 
167,1975,872.22 ,1 
167,1976,876.14 ,1 
167,1977,878.69 ,1 
167,1978,877.54 ,1 
167,1979,874.96 ,1 
167,1980,867.27 ,1 
167,1981,863.42 ,1 
167,1982,858.30 ,1 
167,1983,851.55 ,1 
167,1984,850.17 ,1 
167,1985,847.66 ,1 
167,1986,851.35 ,1 
167,1987,852.33 ,1 
167,1988,855.54 ,1 
167,1989,844.19 ,1 
167,1990,848.13 ,1 
167,1991,855.17 ,1 
167,1992,858.79 ,1 
167,1993,856.86 ,1 
167,1994,852.32 ,1 
167,1995,854.08 ,1 
167,1996,851.82 ,1 
167,1997,855.99 ,1 
167,1998,854.33 ,1 
167,1999,846.25 ,1 
167,2000,848.03 ,1 
167,2001,849.51 ,1 
167,2002,838.42 ,1 
167,2003,828.56 ,1 
167,2004,843.61 ,1 
167,2005,851.72 ,1 
167,2006,859.44 ,1 
167,2007,866.17 ,1 
167,2008,869.69 ,1 
167,2009,864.84 ,0 
167,2010,861.76 ,0 
172,1960,769.79 ,0 
172,1961,770.43 ,0 
172,1962,773.62 ,0 
172,1963,778.19 ,0 
172,1964,783.46 ,0 
172,1965,789.73 ,0 
172,1966,791.89 ,0 
172,1967,796.70 ,0 
172,1968,798.64 ,0 
172,1969,801.10 ,0 
172,1970,804.05 ,0 
172,1971,805.93 ,0 
172,1972,805.28 ,0 
172,1973,807.48 ,0 
172,1974,811.18 ,0 
172,1975,810.67 ,0 
172,1976,810.73 ,0 
172,1977,808.53 ,0 
172,1978,809.39 ,0 
172,1979,810.92 ,0 
172,1980,815.00 ,0 
172,1981,817.79 ,0 
172,1982,814.90 ,0 
172,1983,810.47 ,0 
172,1984,812.85 ,0 
172,1985,809.03 ,0 
172,1986,806.49 ,0 
172,1987,806.07 ,0 
172,1988,807.80 ,0 
172,1989,807.93 ,0 
172,1990,805.57 ,0 
172,1991,802.49 ,0 
172,1992,798.24 ,0 
172,1993,797.36 ,0 
172,1994,798.40 ,1 
172,1995,799.31 ,1 
172,1996,801.30 ,1 
172,1997,801.62 ,1 
172,1998,799.79 ,1 
172,1999,799.71 ,1 
172,2000,801.30 ,1 
172,2001,801.95 ,1 
172,2002,804.17 ,1 
172,2003,805.81 ,1 
172,2004,809.08 ,1 
172,2005,813.09 ,1 
172,2006,817.42 ,1 
172,2007,821.74 ,1 
172,2008,824.15 ,1 
172,2009,821.38 ,1 
172,2010,822.84 ,1 
173,1960,578.35 ,0 
173,1961,564.30 ,0 
173,1962,580.93 ,0 
173,1963,583.39 ,0 
173,1964,578.23 ,0 
173,1965,576.46 ,0 
173,1966,580.17 ,0 
173,1967,576.29 ,0 
173,1968,577.60 ,0 
173,1969,583.62 ,0 
173,1970,580.51 ,0 
173,1971,583.52 ,0 
173,1972,580.90 ,0 
173,1973,585.96 ,0 
173,1974,586.24 ,0 
173,1975,578.27 ,0 
173,1976,569.87 ,0 
173,1977,567.64 ,0 
173,1978,559.15 ,0 
173,1979,556.63 ,0 
173,1980,555.94 ,0 
173,1981,555.48 ,0 
173,1982,552.29 ,0 
173,1983,550.96 ,0 
173,1984,553.58 ,0 
173,1985,551.18 ,0 
173,1986,552.87 ,0 
173,1987,552.54 ,0 
173,1988,549.90 ,0 
173,1989,545.29 ,0 
173,1990,534.90 ,0 
173,1991,522.19 ,0 
173,1992,506.99 ,0 
173,1993,488.46 ,0 
173,1994,480.73 ,0 
173,1995,478.16 ,0 
173,1996,474.38 ,0 
173,1997,466.26 ,0 
173,1998,462.48 ,0 
173,1999,455.91 ,0 
173,2000,446.32 ,0 
173,2001,441.49 ,0 
173,2002,441.99 ,0 
173,2003,444.61 ,0 
173,2004,448.02 ,0 
173,2005,451.34 ,0 
173,2006,453.44 ,0 
173,2007,456.70 ,0 
173,2008,459.95 ,0 
173,2009,459.98 ,0 
173,2010,464.22 ,0 
174,1960,629.98 ,0 
174,1961,628.41 ,0 
174,1962,622.92 ,0 
174,1963,623.13 ,0 
174,1964,631.62 ,0 
174,1965,643.96 ,0 
174,1966,635.16 ,0 
174,1967,639.69 ,0 
174,1968,637.82 ,0 
174,1969,634.20 ,0 
174,1970,635.63 ,0 
174,1971,632.22 ,0 
174,1972,637.64 ,0 
174,1973,633.27 ,0 
174,1974,636.10 ,0 
174,1975,630.43 ,0 
174,1976,633.14 ,0 
174,1977,625.18 ,0 
174,1978,622.46 ,0 
174,1979,616.12 ,0 
174,1980,615.84 ,0 
174,1981,618.55 ,0 
174,1982,612.43 ,0 
174,1983,607.21 ,0 
174,1984,603.67 ,0 
174,1985,602.13 ,0 
174,1986,599.76 ,0 
174,1987,599.36 ,0 
174,1988,602.48 ,0 
174,1989,598.59 ,0 
174,1990,595.37 ,0 
174,1991,592.72 ,1 
174,1992,588.47 ,1 
174,1993,592.59 ,1 
174,1994,581.08 ,1 
174,1995,575.64 ,1 
174,1996,579.67 ,1 
174,1997,580.16 ,1 
174,1998,575.52 ,1 
174,1999,575.04 ,1 
174,2000,576.01 ,1 
174,2001,578.39 ,1 
174,2002,579.33 ,1 
174,2003,582.04 ,1 
174,2004,584.98 ,1 
174,2005,587.80 ,1 
174,2006,591.36 ,1 
174,2007,594.81 ,1 
174,2008,597.68 ,1 
174,2009,601.15 ,1 
174,2010,606.89 ,1 
175,1960,596.36 ,0 
175,1961,599.23 ,0 
175,1962,597.36 ,0 
175,1963,600.12 ,0 
175,1964,595.71 ,0 
175,1965,597.23 ,0 
175,1966,595.49 ,0 
175,1967,600.29 ,0 
175,1968,598.99 ,0 
175,1969,607.43 ,0 
175,1970,624.46 ,0 
175,1971,629.62 ,0 
175,1972,634.20 ,0 
175,1973,633.33 ,0 
175,1974,636.34 ,0 
175,1975,631.05 ,0 
175,1976,628.27 ,0 
175,1977,617.96 ,0 
175,1978,611.98 ,1 
175,1979,611.84 ,1 
175,1980,621.71 ,1 
175,1981,629.72 ,1 
175,1982,628.39 ,1 
175,1983,625.99 ,1 
175,1984,620.12 ,1 
175,1985,623.02 ,1 
175,1986,621.39 ,1 
175,1987,618.96 ,0 
175,1988,622.85 ,0 
175,1989,624.75 ,0 
175,1990,628.60 ,0 
175,1991,631.35 ,0 
175,1992,619.54 ,0 
175,1993,618.44 ,0 
175,1994,625.29 ,0 
175,1995,623.59 ,0 
175,1996,631.69 ,0 
175,1997,632.71 ,0 
175,1998,634.12 ,0 
175,1999,632.13 ,0 
175,2000,628.19 ,0 
175,2001,629.09 ,0 
175,2002,619.52 ,0 
175,2003,600.85 ,0 
175,2004,594.99 ,0 
175,2005,589.32 ,0 
175,2006,586.13 ,0 
175,2007,582.79 ,0 
175,2008,563.59 ,0 
175,2009,569.22 ,0 
175,2010,577.07 ,0 
